İşletme,Şube,Öğrenci Kısa Kodu,Sözleşme No, Ad Soyad, Kimlik No,Doğum Tarihi,Kayıt Tarihi,Dönem,Zaman,Satış Türü,Satış Adı,Adet,Satış Türü Kategorisi,Sınıf Adı,Durum,Ciro,Ödenen,İade Tutarı,İndirim,İptal,Kalan,Vadesi Geçen,Vadesi Gelmeyen,Transfer Durumu,Görüşen,Referans,Oluşturan Kullanıcı,İç/Dış Satış Görünümü,İptal Sebebi,İptal Tarihi,Kayıt Tarihi (Sadece Tarih),Okul,Çözülme Tarihi,Yasal Durum
Mac Eğitim Kurumları,ÖZEL KAYSERİ SİMYA KOLEJİ ANAOKULU,29,78183,MİLAT GÖKSU,26714119944,08.07.2023,16.01.2026 00:00,2026 - 2027 Eğitim-Öğretim,MAC,Eğitim,Anaokulu 2 Yaş (29-35 ay),1,ANAOKULU 2 YAŞ,29/35-BE- FİLOZOFLAR,Eğitim Alıyor,135000,135000,0,0,0,0,0,0,,,,,Dış,,,16.01.2026,,,
Mac Eğitim Kurumları,ÖZEL KAYSERİ SİMYA KOLEJİ ANAOKULU,62,78216,AYBARS EYMEN ATAR,31747948508,14.03.2024,03.02.2026 00:00,2026 - 2027 Eğitim-Öğretim,MAC,Eğitim,Anaokulu 2 Yaş (29-35 ay),1,ANAOKULU 2 YAŞ,29/35-BE- FİLOZOFLAR,Eğitim Alıyor,164000,8500,0,0,0,155500,0,155500,,,,,Dış,,,03.02.2026,,,
Mac Eğitim Kurumları,ÖZEL KAYSERİ SİMYA KOLEJİ ANAOKULU,72,78226,GÖRKEM SERİN,53302233034,08.04.2024,30.03.2026 00:00,2026 - 2027 Eğitim-Öğretim,MAC,Eğitim,Anaokulu 2 Yaş (29-35 ay),1,ANAOKULU 2 YAŞ,29/35-BE- FİLOZOFLAR,Eğitim Alıyor,140000,140000,0,0,0,0,0,0,,,,,Dış,,,30.03.2026,,,
Mac Eğitim Kurumları,ÖZEL KAYSERİ SİMYA KOLEJİ ANAOKULU,163,81313,GÖKHUN BALCI,16121471834,02.01.2024,11.05.2026 00:00,2026 - 2027 Eğitim-Öğretim,MAC,Eğitim,Anaokulu 2 Yaş (29-35 ay),1,ANAOKULU 2 YAŞ,29/35-BE- FİLOZOFLAR,Eğitim Alıyor,147500,0,0,0,0,147500,0,147500,,,,MUHAMMED ALİ ÇAĞIR,Dış,,,11.05.2026,,,
Mac Eğitim Kurumları,ÖZEL KAYSERİ SİMYA KOLEJİ ANAOKULU,207,87309,ALPARSLAN DİRİM,57334098098,02.01.2024,07.08.2026 00:00,2026 - 2027 Eğitim-Öğretim,MAC,Eğitim,Anaokulu 2 Yaş (29-35 ay),1,ANAOKULU 2 YAŞ,29/35-BE- FİLOZOFLAR,Eğitim Alıyor,0,0,0,0,0,0,0,0,,DUYGU KÖSE,DUYGU KÖSE,DUYGU KÖSE,Dış,,,07.08.2026,,,
Mac Eğitim Kurumları,ÖZEL KAYSERİ SİMYA KOLEJİ ANAOKULU,204,90661,BENGÜ BAYRAM,40138670874,07.11.2023,26.08.2026 17:18,2026 - 2027 Eğitim-Öğretim,MAC,Eğitim,Anaokulu 2 Yaş (29-35 ay),1,ANAOKULU 2 YAŞ,29/35-BE- FİLOZOFLAR,Eğitim Alıyor,75000,0,0,0,0,75000,0,75000,,DUYGU KÖSE,DUYGU KÖSE,DUYGU KÖSE,İç,,,26.08.2026,,,
Mac Eğitim Kurumları,ÖZEL KAYSERİ SİMYA KOLEJİ ANAOKULU,231,92726,İDİL UMAY YAZICI,43975543752,04.03.2024,12.09.2026 00:00,2026 - 2027 Eğitim-Öğretim,MAC,Eğitim,Anaokulu 2 Yaş (29-35 ay),1,ANAOKULU 2 YAŞ,29/35-BE- FİLOZOFLAR,Eğitim Alıyor,105000,8400,0,0,0,96600,58800,37800,,,,MUHAMMED ALİ ÇAĞIR,Dış,,,12.09.2026,,,
Mac Eğitim Kurumları,ÖZEL KAYSERİ SİMYA KOLEJİ ANAOKULU,230,92727,ALMİLA ASYA YAZICI,44095539762,04.03.2024,12.09.2026 13:40,2026 - 2027 Eğitim-Öğretim,MAC,Eğitim,Anaokulu 2 Yaş (29-35 ay),1,ANAOKULU 2 YAŞ,29/35-BE- FİLOZOFLAR,Eğitim Alıyor,105000,67200,0,0,0,37800,0,37800,,,,MUHAMMED ALİ ÇAĞIR,Dış,,,12.09.2026,,,
Mac Eğitim Kurumları,ÖZEL KAYSERİ SİMYA KOLEJİ ANAOKULU,232,92738,CEYLİN HAVA İLBAY,47206432716,22.11.2023,12.09.2026 00:00,2026 - 2027 Eğitim-Öğretim,MAC,Eğitim,Anaokulu 2 Yaş (29-35 ay),1,ANAOKULU 2 YAŞ,29/35-BE- FİLOZOFLAR,Eğitim Alıyor,176000,14666.66,0,0,0,161333.34,0,161333.34,,DUYGU KÖSE,DUYGU KÖSE,DUYGU KÖSE,Dış,,,12.09.2026,,,
Mac Eğitim Kurumları,ÖZEL KAYSERİ SİMYA KOLEJİ ANAOKULU,236,94560,ASİLHAN DİNÇER,48037405382,23.01.2024,01.10.2026 11:48,2026 - 2027 Eğitim-Öğretim,MAC,Eğitim,Anaokulu 2 Yaş (29-35 ay),1,ANAOKULU 2 YAŞ,,Eğitim Alacak,15000,8437.5,0,0,0,6562.5,0,6562.5,,,,AKİF SANCAK,Dış,,,01.10.2026,,,
Mac Eğitim Kurumları,ÖZEL KAYSERİ SİMYA KOLEJİ ANAOKULU,18,78173,ÖYKÜ ÖZER,26522125892,19.05.2023,10.01.2026 00:00,2026 - 2027 Eğitim-Öğretim,MAC,Eğitim,Anaokulu 3 Yaş (36-47),1,ANAOKULU 3 YAŞ,44/47-Lİ-LİDERLER,Eğitim Alıyor,128800,128800,0,0,0,0,0,0,,,,,Dış,,,10.01.2026,,,
Mac Eğitim Kurumları,ÖZEL KAYSERİ SİMYA KOLEJİ ANAOKULU,23,78177,AYBARS KÖSEOĞLU,40795442296,28.02.2023,15.01.2026 00:00,2026 - 2027 Eğitim-Öğretim,MAC,Eğitim,Anaokulu 3 Yaş (36-47),1,ANAOKULU 3 YAŞ,40/43-BT-KAHRAMANLAR,Eğitim Alıyor,139240,139240,0,0,0,0,0,0,,,,,Dış,,,15.01.2026,,,
Mac Eğitim Kurumları,ÖZEL KAYSERİ SİMYA KOLEJİ ANAOKULU,24,78178,EFNAN MEYRA BAŞTÜRK,18467393832,10.03.2023,15.01.2026 00:00,2026 - 2027 Eğitim-Öğretim,MAC,Eğitim,Anaokulu 3 Yaş (36-47),1,ANAOKULU 3 YAŞ,40/43-BT-KAHRAMANLAR,Eğitim Alıyor,144000,0,0,0,0,144000,0,144000,,,,,Dış,,,15.01.2026,,,
Mac Eğitim Kurumları,ÖZEL KAYSERİ SİMYA KOLEJİ ANAOKULU,30,78184,KAYLA ELSA KWAKYE,50674320096,30.01.2023,16.01.2026 00:00,2026 - 2027 Eğitim-Öğretim,MAC,Eğitim,Anaokulu 3 Yaş (36-47),1,ANAOKULU 3 YAŞ,44/47-Lİ-LİDERLER,Eğitim Alıyor,152500,34645,0,0,0,117855,0,117855,,,,,Dış,,,16.01.2026,,,
Mac Eğitim Kurumları,ÖZEL KAYSERİ SİMYA KOLEJİ ANAOKULU,222,91180,YİĞİT HAMZA SARI,54619767588,19.03.2023,31.08.2026 00:00,2026 - 2027 Eğitim-Öğretim,MAC,Eğitim,Anaokulu 3 Yaş (36-47),1,ANAOKULU 3 YAŞ,44/47-Lİ-LİDERLER,Eğitim Alıyor,145000,17500,0,0,0,127500,0,127500,,,,AKİF SANCAK,Dış,,,31.08.2026,,,
Mac Eğitim Kurumları,ÖZEL KAYSERİ SİMYA KOLEJİ ANAOKULU,226,91815,ULU KAAN ALÇAM,54196203516,20.05.2023,05.09.2026 00:00,2026 - 2027 Eğitim-Öğretim,MAC,Eğitim,Anaokulu 3 Yaş (36-47),1,ANAOKULU 3 YAŞ,36/39-ZAB-KAŞİFLER,Eğitim Alıyor,155000,12916.67,0,0,0,142083.33,18083.33,124000,,DUYGU KÖSE,DUYGU KÖSE,DUYGU KÖSE,Dış,,,05.09.2026,,,
Mac Eğitim Kurumları,ÖZEL KAYSERİ SİMYA KOLEJİ ANAOKULU,229,92255,ALMİRA ÖTENKAYA,44428524250,15.05.2023,08.09.2026 00:00,2026 - 2027 Eğitim-Öğretim,MAC,Eğitim,Anaokulu 3 Yaş (36-47),1,ANAOKULU 3 YAŞ,40/43-BT-KAHRAMANLAR,Eğitim Alıyor,145000,10000,0,0,0,135000,0,135000,,DUYGU KÖSE,DUYGU KÖSE,DUYGU KÖSE,Dış,,,08.09.2026,,,
Mac Eğitim Kurumları,ÖZEL KAYSERİ SİMYA KOLEJİ ANAOKULU,235,93383,HAFSA BOZKURT,31097191494,03.03.2023,18.09.2026 00:00,2026 - 2027 Eğitim-Öğretim,MAC,Eğitim,Anaokulu 3 Yaş (36-47),1,ANAOKULU 3 YAŞ,44/47-Lİ-LİDERLER,Eğitim Alıyor,125000,11574.07,0,0,0,113425.93,0,113425.93,,DUYGU KÖSE,DUYGU KÖSE,DUYGU KÖSE,Dış,,,18.09.2026,,,
Mac Eğitim Kurumları,ÖZEL KAYSERİ SİMYA KOLEJİ ANAOKULU,237,94185,ARHAN ZENGER,41440629314,01.09.2023,26.09.2026 00:00,2026 - 2027 Eğitim-Öğretim,MAC,Eğitim,Anaokulu 3 Yaş (36-47),1,ANAOKULU 3 YAŞ,36/39-ZAB-KAŞİFLER,Eğitim Alıyor,136500,0,0,0,0,136500,136500,0,,,,AKİF SANCAK,Dış,,,26.09.2026,,,
Mac Eğitim Kurumları,ÖZEL KAYSERİ SİMYA KOLEJİ ANAOKULU,213,88320,YALÇIN KEÇECİ,16871447288,07.04.2023,17.08.2026 00:00,2026 - 2027 Eğitim-Öğretim,MAC,Eğitim,Anaokulu 3 Yaş (36-47),1,ANAOKULU 3 YAŞ,40/43-BT-KAHRAMANLAR,Eğitim Alıyor,155000,31000,0,0,0,124000,0,124000,,DUYGU KÖSE,DUYGU KÖSE,DUYGU KÖSE,Dış,,,17.08.2026,,,
Mac Eğitim Kurumları,ÖZEL KAYSERİ SİMYA KOLEJİ ANAOKULU,214,88709,NAZ KASIMOĞLU,36238801652,27.03.2023,22.08.2026 00:00,2026 - 2027 Eğitim-Öğretim,MAC,Eğitim,Anaokulu 3 Yaş (36-47),1,ANAOKULU 3 YAŞ,44/47-Lİ-LİDERLER,Eğitim Alıyor,75000,28806.82,0,0,0,46193.18,0,46193.18,,,,AKİF SANCAK,Dış,,,22.08.2026,,,
Mac Eğitim Kurumları,ÖZEL KAYSERİ SİMYA KOLEJİ ANAOKULU,215,88712,DURU KASIMOĞLU,36733785136,27.03.2023,22.08.2026 00:00,2026 - 2027 Eğitim-Öğretim,MAC,Eğitim,Anaokulu 3 Yaş (36-47),1,ANAOKULU 3 YAŞ,44/47-Lİ-LİDERLER,Eğitim Alıyor,75000,28806.82,0,0,0,46193.18,0,46193.18,,,,AKİF SANCAK,Dış,,,22.08.2026,,,
Mac Eğitim Kurumları,ÖZEL KAYSERİ SİMYA KOLEJİ ANAOKULU,216,88715,ARAS KASIMOĞLU,36928778684,27.03.2023,22.08.2026 00:00,2026 - 2027 Eğitim-Öğretim,MAC,Eğitim,Anaokulu 3 Yaş (36-47),1,ANAOKULU 3 YAŞ,44/47-Lİ-LİDERLER,Eğitim Alıyor,75000,28806.82,0,0,0,46193.18,0,46193.18,,,,AKİF SANCAK,Dış,,,22.08.2026,,,
Mac Eğitim Kurumları,ÖZEL KAYSERİ SİMYA KOLEJİ ANAOKULU,217,90349,MEHMET GÜNEŞ,25661155180,06.10.2022,25.08.2026 00:00,2026 - 2027 Eğitim-Öğretim,MAC,Eğitim,Anaokulu 3 Yaş (36-47),1,ANAOKULU 3 YAŞ,44/47-Lİ-LİDERLER,Eğitim Alıyor,155000,77500,0,0,0,77500,0,77500,,DUYGU KÖSE,DUYGU KÖSE,DUYGU KÖSE,Dış,,,25.08.2026,,,
Mac Eğitim Kurumları,ÖZEL KAYSERİ SİMYA KOLEJİ ANAOKULU,220,90937,DURU ADA ÖZDEMİR,34105332056,12.12.2022,29.08.2026 00:00,2026 - 2027 Eğitim-Öğretim,MAC,Eğitim,Anaokulu 3 Yaş (36-47),1,ANAOKULU 3 YAŞ,44/47-Lİ-LİDERLER,Eğitim Alıyor,135000,13500,0,0,0,121500,0,121500,,,,AKİF SANCAK,Dış,,,29.08.2026,,,
Mac Eğitim Kurumları,ÖZEL KAYSERİ SİMYA KOLEJİ ANAOKULU,198,86630,GÖKTUĞ CEYHAN,20294896370,15.01.2023,28.07.2026 18:01,2026 - 2027 Eğitim-Öğretim,MAC,Eğitim,Anaokulu 3 Yaş (36-47),1,ANAOKULU 3 YAŞ,44/47-Lİ-LİDERLER,Eğitim Alıyor,151500,151500,0,0,0,0,0,0,,,,EMRE HELVACI,Dış,,,28.07.2026,,,
Mac Eğitim Kurumları,ÖZEL KAYSERİ SİMYA KOLEJİ ANAOKULU,6,86755,ELVİN GÖKCAN,52549253768,02.01.2023,30.07.2026 15:19,2026 - 2027 Eğitim-Öğretim,MAC,Eğitim,Anaokulu 3 Yaş (36-47),1,ANAOKULU 3 YAŞ,40/43-BT-KAHRAMANLAR,Eğitim Alıyor,0,0,0,0,0,0,0,0,,,,EMRE HELVACI,İç,,,30.07.2026,,,
Mac Eğitim Kurumları,ÖZEL KAYSERİ SİMYA KOLEJİ ANAOKULU,202,86991,TUANA SÖZDUYAR,37324766480,16.10.2022,01.08.2026 00:00,2026 - 2027 Eğitim-Öğretim,MAC,Eğitim,Anaokulu 3 Yaş (36-47),1,ANAOKULU 3 YAŞ,44/47-Lİ-LİDERLER,Eğitim Alıyor,155000,23766.66,0,0,0,131233.34,0,131233.34,,DUYGU KÖSE,DUYGU KÖSE,DUYGU KÖSE,Dış,,,01.08.2026,,,
Mac Eğitim Kurumları,ÖZEL KAYSERİ SİMYA KOLEJİ ANAOKULU,206,87138,İLAY KÜÇÜKYAZI,58762050924,11.04.2023,04.08.2026 00:00,2026 - 2027 Eğitim-Öğretim,MAC,Eğitim,Anaokulu 3 Yaş (36-47),1,ANAOKULU 3 YAŞ,40/43-BT-KAHRAMANLAR,Eğitim Alıyor,145000,145000,0,0,0,0,0,0,,DUYGU KÖSE,DUYGU KÖSE,DUYGU KÖSE,Dış,,,04.08.2026,,,
Mac Eğitim Kurumları,ÖZEL KAYSERİ SİMYA KOLEJİ ANAOKULU,209,87747,ALYA ÖZAL,55195169056,12.12.2022,12.08.2026 00:00,2026 - 2027 Eğitim-Öğretim,MAC,Eğitim,Anaokulu 3 Yaş (36-47),1,ANAOKULU 3 YAŞ,40/43-BT-KAHRAMANLAR,Eğitim Alıyor,105000,105000,0,0,0,0,0,0,,DUYGU KÖSE,DUYGU KÖSE,DUYGU KÖSE,Dış,,,12.08.2026,,,
Mac Eğitim Kurumları,ÖZEL KAYSERİ SİMYA KOLEJİ ANAOKULU,153,79885,ONUR GEÇER,57154683054,03.03.2023,11.05.2026 11:59,2026 - 2027 Eğitim-Öğretim,MAC,Eğitim,Anaokulu 3 Yaş (36-47),1,ANAOKULU 3 YAŞ,40/43-BT-KAHRAMANLAR,Eğitim Alıyor,161920,55362,0,0,0,106558,0,106558,,,,MUHAMMED ALİ ÇAĞIR,İç,,,11.05.2026,,,
Mac Eğitim Kurumları,ÖZEL KAYSERİ SİMYA KOLEJİ ANAOKULU,73,78227,GÖRKEM BERTUĞ HERDEM,32077941306,26.08.2023,30.03.2026 00:00,2026 - 2027 Eğitim-Öğretim,MAC,Eğitim,Anaokulu 3 Yaş (36-47),1,ANAOKULU 3 YAŞ,36/39-ZAB-KAŞİFLER,Eğitim Alıyor,140000,140000,0,0,0,0,0,0,,,,,Dış,,,30.03.2026,,,
Mac Eğitim Kurumları,ÖZEL KAYSERİ SİMYA KOLEJİ ANAOKULU,78,78232,GÜLCE ELA ÖZDEMİR,23627217224,07.03.2023,08.04.2026 00:00,2026 - 2027 Eğitim-Öğretim,MAC,Eğitim,Anaokulu 3 Yaş (36-47),1,ANAOKULU 3 YAŞ,40/43-BT-KAHRAMANLAR,Eğitim Alıyor,140000,140000,0,0,0,0,0,0,,,,,Dış,,,08.04.2026,,,
Mac Eğitim Kurumları,ÖZEL KAYSERİ SİMYA KOLEJİ ANAOKULU,80,78234,DEFNE SENEM DUR,52990251542,29.04.2023,10.04.2026 00:00,2026 - 2027 Eğitim-Öğretim,MAC,Eğitim,Anaokulu 3 Yaş (36-47),1,ANAOKULU 3 YAŞ,40/43-BT-KAHRAMANLAR,Eğitim Alıyor,150000,150000,0,0,0,0,0,0,,,,,Dış,,,10.04.2026,,,
Mac Eğitim Kurumları,ÖZEL KAYSERİ SİMYA KOLEJİ ANAOKULU,60,78215,DİLAY ASYA ELDENİZ,33517900198,26.09.2023,31.01.2026 00:00,2026 - 2027 Eğitim-Öğretim,MAC,Eğitim,Anaokulu 3 Yaş (36-47),1,ANAOKULU 3 YAŞ,36/39-ZAB-KAŞİFLER,Eğitim Alıyor,137500,137500,0,0,0,0,0,0,,,,,Dış,,,31.01.2026,,,
Mac Eğitim Kurumları,ÖZEL KAYSERİ SİMYA KOLEJİ ANAOKULU,63,78217,MERT ASAF GARİPOĞLU,40129671156,01.12.2022,07.02.2026 00:00,2026 - 2027 Eğitim-Öğretim,MAC,Eğitim,Anaokulu 3 Yaş (36-47),1,ANAOKULU 3 YAŞ,40/43-BT-KAHRAMANLAR,Eğitim Alıyor,155800,8100,0,0,0,147700,0,147700,,,,,Dış,,,07.02.2026,,,
Mac Eğitim Kurumları,ÖZEL KAYSERİ SİMYA KOLEJİ ANAOKULU,66,78220,EFNAN ALPARSLAN,26948107120,26.06.2023,14.02.2026 00:00,2026 - 2027 Eğitim-Öğretim,MAC,Eğitim,Anaokulu 3 Yaş (36-47),1,ANAOKULU 3 YAŞ,36/39-ZAB-KAŞİFLER,Eğitim Alıyor,155800,99172,0,0,0,56628,0,56628,,,,,Dış,,,14.02.2026,,,
Mac Eğitim Kurumları,ÖZEL KAYSERİ SİMYA KOLEJİ ANAOKULU,68,78222,AYAZ PASLIOĞLU,29528026408,03.11.2022,20.02.2026 00:00,2026 - 2027 Eğitim-Öğretim,MAC,Eğitim,Anaokulu 3 Yaş (36-47),1,ANAOKULU 3 YAŞ,44/47-Lİ-LİDERLER,Eğitim Alıyor,155000,130750,0,0,0,24250,24250,0,,,,,Dış,,,20.02.2026,,,
Mac Eğitim Kurumları,ÖZEL KAYSERİ SİMYA KOLEJİ ANAOKULU,69,78223,LİDYA YENİCE,55639150138,25.02.2023,27.02.2026 00:00,2026 - 2027 Eğitim-Öğretim,MAC,Eğitim,Anaokulu 3 Yaş (36-47),1,ANAOKULU 3 YAŞ,40/43-BT-KAHRAMANLAR,Eğitim Alıyor,164000,107000,0,0,0,57000,0,57000,,,,,Dış,,,27.02.2026,,,
Mac Eğitim Kurumları,ÖZEL KAYSERİ SİMYA KOLEJİ ANAOKULU,70,78224,YAĞIZ ALAĞAŞ,24250956160,24.01.2023,28.03.2026 00:00,2026 - 2027 Eğitim-Öğretim,MAC,Eğitim,Anaokulu 3 Yaş (36-47),1,ANAOKULU 3 YAŞ,44/47-Lİ-LİDERLER,Eğitim Alıyor,143000,143000,0,0,0,0,0,0,,,,,Dış,,,28.03.2026,,,
Mac Eğitim Kurumları,ÖZEL KAYSERİ SİMYA KOLEJİ ANAOKULU,45,78200,ZÜMRA BOSTANCI,59659022154,08.11.2022,23.01.2026 00:00,2026 - 2027 Eğitim-Öğretim,MAC,Eğitim,Anaokulu 3 Yaş (36-47),1,ANAOKULU 3 YAŞ,40/43-BT-KAHRAMANLAR,Eğitim Alıyor,132000,11000,0,0,0,121000,18000,103000,,,,,Dış,,,23.01.2026,,,
Mac Eğitim Kurumları,ÖZEL KAYSERİ SİMYA KOLEJİ ANAOKULU,51,78206,GÖKHAN ASLAN,38482727764,27.07.2023,27.01.2026 00:00,2026 - 2027 Eğitim-Öğretim,MAC,Eğitim,Anaokulu 3 Yaş (36-47),1,ANAOKULU 3 YAŞ,36/39-ZAB-KAŞİFLER,Eğitim Alıyor,160000,111116,0,0,0,48884,0,48884,,,,,Dış,,,27.01.2026,,,
Mac Eğitim Kurumları,ÖZEL KAYSERİ SİMYA KOLEJİ ANAOKULU,59,78214,YUSUF EMİR AYTEMUR,30838980830,05.12.2022,31.01.2026 00:00,2026 - 2027 Eğitim-Öğretim,MAC,Eğitim,Anaokulu 3 Yaş (36-47),1,ANAOKULU 3 YAŞ,40/43-BT-KAHRAMANLAR,Eğitim Alıyor,150000,0,0,0,0,150000,0,150000,,,,,Dış,,,31.01.2026,,,
Mac Eğitim Kurumları,ÖZEL KAYSERİ SİMYA KOLEJİ ANAOKULU,3,78159,ÇINAR EGE YILMAZ,26297132484,14.03.2022,02.01.2026 00:00,2026 - 2027 Eğitim-Öğretim,MAC,Eğitim,Anaokulu 4 Yaş (48-59),1,ANAOKULU 4 YAŞ,52/55-SM-MUCİTLER,Eğitim Alıyor,144400,54395,0,0,0,90005,0,90005,,,,,Dış,,,02.01.2026,,,
Mac Eğitim Kurumları,ÖZEL KAYSERİ SİMYA KOLEJİ ANAOKULU,83,78164,MUHAMMED ALPARSLAN GENCER,30491000906,15.07.2022,03.01.2026 00:00,2026 - 2027 Eğitim-Öğretim,MAC,Eğitim,Anaokulu 4 Yaş (48-59),1,ANAOKULU 4 YAŞ,48/51-İCG-GEZGİNLER,Eğitim Alıyor,128800,128800,0,0,0,0,0,0,,,,,Dış,,,03.01.2026,,,
Mac Eğitim Kurumları,ÖZEL KAYSERİ SİMYA KOLEJİ ANAOKULU,9,78165,ZİYA EREN ÖZPOLAT,35680817334,26.05.2022,04.01.2026 00:00,2026 - 2027 Eğitim-Öğretim,MAC,Eğitim,Anaokulu 4 Yaş (48-59),1,ANAOKULU 4 YAŞ,52/55-SM-MUCİTLER,Eğitim Alıyor,134020,134020,0,0,0,0,0,0,,,,,Dış,,,04.01.2026,,,
Mac Eğitim Kurumları,ÖZEL KAYSERİ SİMYA KOLEJİ ANAOKULU,10,78166,ZEYNEP SARE AYAZ,21083306148,02.03.2022,04.01.2026 00:00,2026 - 2027 Eğitim-Öğretim,MAC,Eğitim,Anaokulu 4 Yaş (48-59),1,ANAOKULU 4 YAŞ,52/55-SM-MUCİTLER,Eğitim Alıyor,152000,76261,0,0,0,75739,0,75739,,,,,Dış,,,04.01.2026,,,
Mac Eğitim Kurumları,ÖZEL KAYSERİ SİMYA KOLEJİ ANAOKULU,11,78167,ELA ORMAN,24688391618,16.01.2022,04.01.2026 00:00,2026 - 2027 Eğitim-Öğretim,MAC,Eğitim,Anaokulu 4 Yaş (48-59),1,ANAOKULU 4 YAŞ,56/59-CÖ-BİLGİNLER,Eğitim Alıyor,139240,139240,0,0,0,0,0,0,,,,,Dış,,,04.01.2026,,,
Mac Eğitim Kurumları,ÖZEL KAYSERİ SİMYA KOLEJİ ANAOKULU,26,92495,DENİZ DORUK GÜRBÜZ,30685754738,16.04.2022,10.09.2026 13:14,2026 - 2027 Eğitim-Öğretim,MAC,Eğitim,Anaokulu 4 Yaş (48-59),1,ANAOKULU 4 YAŞ,52/55-SM-MUCİTLER,Eğitim Alıyor,95000,0,0,0,0,95000,7916.67,87083.33,,,,MUHAMMED ALİ ÇAĞIR,İç,,,10.09.2026,,,
Mac Eğitim Kurumları,ÖZEL KAYSERİ SİMYA KOLEJİ ANAOKULU,105,93065,ASYA KIZILGÜL,59983010612,11.10.2021,15.09.2026 10:14,2026 - 2027 Eğitim-Öğretim,MAC,Eğitim,Anaokulu 4 Yaş (48-59),1,ANAOKULU 4 YAŞ,56/59-CÖ-BİLGİNLER,Eğitim Alıyor,176000,10965.74,0,0,0,165034.26,2741.43,162292.83,,,,AKİF SANCAK,İç,,,15.09.2026,,,
Mac Eğitim Kurumları,ÖZEL KAYSERİ SİMYA KOLEJİ ANAOKULU,48,94318,GÖKÇE USTA,17285434420,21.12.2021,28.09.2026 00:00,2026 - 2027 Eğitim-Öğretim,MAC,Eğitim,Anaokulu 4 Yaş (48-59),1,ANAOKULU 4 YAŞ,56/59-CÖ-BİLGİNLER,Eğitim Alıyor,155000,0,0,0,0,155000,0,155000,,DUYGU KÖSE,DUYGU KÖSE,DUYGU KÖSE,İç,,,28.09.2026,,,
Mac Eğitim Kurumları,ÖZEL KAYSERİ SİMYA KOLEJİ ANAOKULU,238,94826,ERDAL KÜRŞAT ŞAHİN,55693153816,06.11.2021,03.10.2026 00:00,2026 - 2027 Eğitim-Öğretim,MAC,Eğitim,Anaokulu 4 Yaş (48-59),1,ANAOKULU 4 YAŞ,56/59-CÖ-BİLGİNLER,Eğitim Alıyor,135000,10607.14,0,0,0,124392.86,0,124392.86,,DUYGU KÖSE,DUYGU KÖSE,DUYGU KÖSE,Dış,,,03.10.2026,,,
Mac Eğitim Kurumları,ÖZEL KAYSERİ SİMYA KOLEJİ ANAOKULU,212,88287,YUSUF EYMEN YÖNTEM,59902013526,03.11.2021,17.08.2026 00:00,2026 - 2027 Eğitim-Öğretim,MAC,Eğitim,Anaokulu 4 Yaş (48-59),1,ANAOKULU 4 YAŞ,56/59-CÖ-BİLGİNLER,Eğitim Alıyor,176000,26317.75,0,0,0,149682.25,0,149682.25,,DUYGU KÖSE,DUYGU KÖSE,DUYGU KÖSE,Dış,,,17.08.2026,,,
Mac Eğitim Kurumları,ÖZEL KAYSERİ SİMYA KOLEJİ ANAOKULU,178,88489,ZEYNEP ÇERÇİ,48187404488,27.10.2022,20.08.2026 09:15,2026 - 2027 Eğitim-Öğretim,MAC,Eğitim,Anaokulu 4 Yaş (48-59),1,ANAOKULU 4 YAŞ,48/51-İCG-GEZGİNLER,Eğitim Alıyor,155000,23766.67,0,0,0,131233.33,0,131233.33,,,,DUYGU KÖSE,İç,,,20.08.2026,,,
Mac Eğitim Kurumları,ÖZEL KAYSERİ SİMYA KOLEJİ ANAOKULU,55,88718,AZRA GÖLCÜ,50263333858,19.04.2022,22.08.2026 17:24,2026 - 2027 Eğitim-Öğretim,MAC,Eğitim,Anaokulu 4 Yaş (48-59),1,ANAOKULU 4 YAŞ,52/55-SM-MUCİTLER,Eğitim Alıyor,115000,486.54,0,0,0,114513.46,0,114513.46,,,,AKİF SANCAK,İç,,,22.08.2026,,,
Mac Eğitim Kurumları,ÖZEL KAYSERİ SİMYA KOLEJİ ANAOKULU,174,90784,NİHAL ELİZ OYMAKAPU,19589357344,13.09.2022,28.08.2026 13:56,2026 - 2027 Eğitim-Öğretim,MAC,Eğitim,Anaokulu 4 Yaş (48-59),1,ANAOKULU 4 YAŞ,52/55-SM-MUCİTLER,Eğitim Alıyor,105000,78120,0,0,0,26880,0,26880,,DUYGU KÖSE,DUYGU KÖSE,DUYGU KÖSE,İç,,,28.08.2026,,,
Mac Eğitim Kurumları,ÖZEL KAYSERİ SİMYA KOLEJİ ANAOKULU,188,85045,DEMİR TAŞKIN,56356139536,30.06.2022,04.07.2026 00:00,2026 - 2027 Eğitim-Öğretim,MAC,Eğitim,Anaokulu 4 Yaş (48-59),1,ANAOKULU 4 YAŞ,48/51-İCG-GEZGİNLER,Eğitim Alıyor,150000,43125,0,0,0,106875,0,106875,,MUHAMMED ALİ ÇAĞIR,MUHAMMED ALİ ÇAĞIR,MUHAMMED ALİ ÇAĞIR,Dış,,,04.07.2026,,,
Mac Eğitim Kurumları,ÖZEL KAYSERİ SİMYA KOLEJİ ANAOKULU,192,85850,AYBÜKE AKŞİT,14783524936,10.02.2022,15.07.2026 17:23,2026 - 2027 Eğitim-Öğretim,MAC,Eğitim,Anaokulu 4 Yaş (48-59),1,ANAOKULU 4 YAŞ,52/55-SM-MUCİTLER,Eğitim Alıyor,161500,80750,0,0,0,80750,0,80750,,BEYZA KOÇAK,BEYZA KOÇAK,BEYZA KOÇAK,İç,,,15.07.2026,,,
Mac Eğitim Kurumları,ÖZEL KAYSERİ SİMYA KOLEJİ ANAOKULU,196,86189,İPEK EREN,39319695690,28.03.2022,22.07.2026 00:00,2026 - 2027 Eğitim-Öğretim,MAC,Eğitim,Anaokulu 4 Yaş (48-59),1,ANAOKULU 4 YAŞ,56/59-CÖ-BİLGİNLER,Eğitim Alıyor,136500,124090.91,0,0,0,12409.09,0,12409.09,,MUHAMMED ALİ ÇAĞIR,MUHAMMED ALİ ÇAĞIR,AKİF SANCAK,Dış,,,22.07.2026,,,
Mac Eğitim Kurumları,ÖZEL KAYSERİ SİMYA KOLEJİ ANAOKULU,21,86727,ASİYE EJDER,26798111544,24.08.2022,30.07.2026 13:24,2026 - 2027 Eğitim-Öğretim,MAC,Eğitim,Anaokulu 4 Yaş (48-59),1,ANAOKULU 4 YAŞ,48/51-İCG-GEZGİNLER,Eğitim Alıyor,0,0,0,0,0,0,0,0,,,,EMRE HELVACI,İç,,,30.07.2026,,,
Mac Eğitim Kurumları,ÖZEL KAYSERİ SİMYA KOLEJİ ANAOKULU,210,88141,MİRA ALYA MİLLET,27731086318,24.10.2022,15.08.2026 00:00,2026 - 2027 Eğitim-Öğretim,MAC,Eğitim,Anaokulu 4 Yaş (48-59),1,ANAOKULU 4 YAŞ,56/59-CÖ-BİLGİNLER,Eğitim Alıyor,147250,22733.33,0,0,0,124516.67,0,124516.67,,DUYGU KÖSE,DUYGU KÖSE,DUYGU KÖSE,Dış,,,15.08.2026,,,
Mac Eğitim Kurumları,ÖZEL KAYSERİ SİMYA KOLEJİ ANAOKULU,211,88145,ARYA SULTAN MİLLET,27941079346,24.10.2022,15.08.2026 00:00,2026 - 2027 Eğitim-Öğretim,MAC,Eğitim,Anaokulu 4 Yaş (48-59),1,ANAOKULU 4 YAŞ,56/59-CÖ-BİLGİNLER,Eğitim Alıyor,147250,22733.33,0,0,0,124516.67,0,124516.67,,DUYGU KÖSE,DUYGU KÖSE,DUYGU KÖSE,Dış,,,15.08.2026,,,
Mac Eğitim Kurumları,ÖZEL KAYSERİ SİMYA KOLEJİ ANAOKULU,152,79680,BUĞLEM TOY,15998472500,19.01.2022,27.04.2026 00:00,2026 - 2027 Eğitim-Öğretim,MAC,Eğitim,Anaokulu 4 Yaş (48-59),1,ANAOKULU 4 YAŞ,56/59-CÖ-BİLGİNLER,Eğitim Alıyor,160000,65000,0,0,0,95000,0,95000,,,,MUHAMMED ALİ ÇAĞIR,İç,,,27.04.2026,,,
Mac Eğitim Kurumları,ÖZEL KAYSERİ SİMYA KOLEJİ ANAOKULU,162,81311,VERA MAMAK,37615750846,28.08.2022,29.04.2026 00:00,2026 - 2027 Eğitim-Öğretim,MAC,Eğitim,Anaokulu 4 Yaş (48-59),1,ANAOKULU 4 YAŞ,48/51-İCG-GEZGİNLER,Eğitim Alıyor,172000,59000,0,0,0,113000,0,113000,,,,MUHAMMED ALİ ÇAĞIR,Dış,,,29.04.2026,,,
Mac Eğitim Kurumları,ÖZEL KAYSERİ SİMYA KOLEJİ ANAOKULU,164,81316,ASAF ALİ NALBANTOĞLU,49072371182,01.07.2022,05.06.2026 00:00,2026 - 2027 Eğitim-Öğretim,MAC,Eğitim,Anaokulu 4 Yaş (48-59),1,ANAOKULU 4 YAŞ,48/51-İCG-GEZGİNLER,Eğitim Alıyor,176000,54000,0,0,0,122000,0,122000,,,,MUHAMMED ALİ ÇAĞIR,Dış,,,05.06.2026,,,
Mac Eğitim Kurumları,ÖZEL KAYSERİ SİMYA KOLEJİ ANAOKULU,181,84365,ILGAZ KEÇELİ,26249129982,03.10.2022,27.06.2026 00:00,2026 - 2027 Eğitim-Öğretim,MAC,Eğitim,Anaokulu 4 Yaş (48-59),1,ANAOKULU 4 YAŞ,48/51-İCG-GEZGİNLER,Eğitim Alıyor,150000,150000,0,0,0,0,0,0,,MUHAMMED ALİ ÇAĞIR,MUHAMMED ALİ ÇAĞIR,BEYZA KOÇAK,Dış,,,27.06.2026,,,
Mac Eğitim Kurumları,ÖZEL KAYSERİ SİMYA KOLEJİ ANAOKULU,183,84478,GÖRKEM ÖZÇİLİNGİR,40162667710,07.05.2022,29.06.2026 11:14,2026 - 2027 Eğitim-Öğretim,MAC,Eğitim,Anaokulu 4 Yaş (48-59),1,ANAOKULU 4 YAŞ,52/55-SM-MUCİTLER,Eğitim Alıyor,150400,150400,0,0,0,0,0,0,,MUHAMMED ALİ ÇAĞIR,MUHAMMED ALİ ÇAĞIR,MUHAMMED ALİ ÇAĞIR,Dış,,,29.06.2026,,,
Mac Eğitim Kurumları,ÖZEL KAYSERİ SİMYA KOLEJİ ANAOKULU,71,78225,BİGE KIRBOZ,33898876068,09.02.2022,29.03.2026 00:00,2026 - 2027 Eğitim-Öğretim,MAC,Eğitim,Anaokulu 4 Yaş (48-59),1,ANAOKULU 4 YAŞ,52/55-SM-MUCİTLER,Eğitim Alıyor,143000,143000,0,0,0,0,0,0,,,,,Dış,,,29.03.2026,,,
Mac Eğitim Kurumları,ÖZEL KAYSERİ SİMYA KOLEJİ ANAOKULU,74,78228,UMAY YILMAZ,15851236270,04.11.2021,31.03.2026 00:00,2026 - 2027 Eğitim-Öğretim,MAC,Eğitim,Anaokulu 4 Yaş (48-59),1,ANAOKULU 4 YAŞ,52/55-SM-MUCİTLER,Eğitim Alıyor,140000,140000,0,0,0,0,0,0,,,,,Dış,,,31.03.2026,,,
Mac Eğitim Kurumları,ÖZEL KAYSERİ SİMYA KOLEJİ ANAOKULU,81,78235,METİN BERKAY ÖZSAVGA,26036142644,06.12.2021,13.04.2026 00:00,2026 - 2027 Eğitim-Öğretim,MAC,Eğitim,Anaokulu 4 Yaş (48-59),1,ANAOKULU 4 YAŞ,56/59-CÖ-BİLGİNLER,Eğitim Alıyor,165000,0,0,0,0,165000,18000,147000,,,,,Dış,,,13.04.2026,,,
Mac Eğitim Kurumları,ÖZEL KAYSERİ SİMYA KOLEJİ ANAOKULU,54,78209,DURU AKDEMİR,27410095952,09.06.2022,29.01.2026 00:00,2026 - 2027 Eğitim-Öğretim,MAC,Eğitim,Anaokulu 4 Yaş (48-59),1,ANAOKULU 4 YAŞ,48/51-İCG-GEZGİNLER,Eğitim Alıyor,152000,0,0,0,0,152000,0,152000,,,,,Dış,,,29.01.2026,,,
Mac Eğitim Kurumları,ÖZEL KAYSERİ SİMYA KOLEJİ ANAOKULU,64,78218,MASAL TOLU,38482726774,22.05.2022,10.02.2026 00:00,2026 - 2027 Eğitim-Öğretim,MAC,Eğitim,Anaokulu 4 Yaş (48-59),1,ANAOKULU 4 YAŞ,52/55-SM-MUCİTLER,Eğitim Alıyor,120000,52500,0,0,0,67500,0,67500,,,,,Dış,,,10.02.2026,,,
Mac Eğitim Kurumları,ÖZEL KAYSERİ SİMYA KOLEJİ ANAOKULU,65,78219,UMAY ELA CÖMERT,44038857380,07.09.2022,12.02.2026 00:00,2026 - 2027 Eğitim-Öğretim,MAC,Eğitim,Anaokulu 4 Yaş (48-59),1,ANAOKULU 4 YAŞ,48/51-İCG-GEZGİNLER,Eğitim Alıyor,136000,136000,0,0,0,0,0,0,,,,,Dış,,,12.02.2026,,,
Mac Eğitim Kurumları,ÖZEL KAYSERİ SİMYA KOLEJİ ANAOKULU,67,78221,YİĞİT ALİ BENLİ,22757247804,22.04.2022,18.02.2026 00:00,2026 - 2027 Eğitim-Öğretim,MAC,Eğitim,Anaokulu 4 Yaş (48-59),1,ANAOKULU 4 YAŞ,52/55-SM-MUCİTLER,Eğitim Alıyor,150580,150580,0,0,0,0,0,0,,,,,Dış,,,18.02.2026,,,
Mac Eğitim Kurumları,ÖZEL KAYSERİ SİMYA KOLEJİ ANAOKULU,40,78195,AYBARS TÜRKAY,52246263022,08.08.2022,22.01.2026 00:00,2026 - 2027 Eğitim-Öğretim,MAC,Eğitim,Anaokulu 4 Yaş (48-59),1,ANAOKULU 4 YAŞ,48/51-İCG-GEZGİNLER,Eğitim Alıyor,152000,4544,0,0,0,147456,0,147456,,,,,Dış,,,22.01.2026,,,
Mac Eğitim Kurumları,ÖZEL KAYSERİ SİMYA KOLEJİ ANAOKULU,43,78198,AKIN ÖZMEN,50779316222,21.02.2022,23.01.2026 00:00,2026 - 2027 Eğitim-Öğretim,MAC,Eğitim,Anaokulu 4 Yaş (48-59),1,ANAOKULU 4 YAŞ,52/55-SM-MUCİTLER,Eğitim Alıyor,152000,90000,0,0,0,62000,0,62000,,,,,Dış,,,23.01.2026,,,
Mac Eğitim Kurumları,ÖZEL KAYSERİ SİMYA KOLEJİ ANAOKULU,47,78202,ASEL LİNA ÇELİK,49465360670,21.05.2022,24.01.2026 00:00,2026 - 2027 Eğitim-Öğretim,MAC,Eğitim,Anaokulu 4 Yaş (48-59),1,ANAOKULU 4 YAŞ,48/51-İCG-GEZGİNLER,Eğitim Alıyor,120000,105000,0,0,0,15000,15000,0,,,,,Dış,,,24.01.2026,,,
Mac Eğitim Kurumları,ÖZEL KAYSERİ SİMYA KOLEJİ ANAOKULU,50,78205,GÜNEŞ FATMA COŞKUN,27089106812,03.07.2022,26.01.2026 00:00,2026 - 2027 Eğitim-Öğretim,MAC,Eğitim,Anaokulu 4 Yaş (48-59),1,ANAOKULU 4 YAŞ,48/51-İCG-GEZGİNLER,Eğitim Alıyor,152000,71600,0,0,0,80400,0,80400,,,,,Dış,,,26.01.2026,,,
Mac Eğitim Kurumları,ÖZEL KAYSERİ SİMYA KOLEJİ ANAOKULU,32,78187,YUSUF ARDEN AKKUŞ,55486159384,17.02.2022,17.01.2026 00:00,2026 - 2027 Eğitim-Öğretim,MAC,Eğitim,Anaokulu 4 Yaş (48-59),1,ANAOKULU 4 YAŞ,52/55-SM-MUCİTLER,Eğitim Alıyor,128800,128800,0,0,0,0,0,0,,,,,Dış,,,17.01.2026,,,
Mac Eğitim Kurumları,ÖZEL KAYSERİ SİMYA KOLEJİ ANAOKULU,33,78188,NACİ DENİZ GUBAROĞLU,30194002986,09.05.2022,17.01.2026 00:00,2026 - 2027 Eğitim-Öğretim,MAC,Eğitim,Anaokulu 4 Yaş (48-59),1,ANAOKULU 4 YAŞ,52/55-SM-MUCİTLER,Eğitim Alıyor,152000,14800,0,0,0,137200,0,137200,,,,,Dış,,,17.01.2026,,,
Mac Eğitim Kurumları,ÖZEL KAYSERİ SİMYA KOLEJİ ANAOKULU,35,78190,GÜNEŞ KÖKEN,53953219142,22.11.2021,17.01.2026 00:00,2026 - 2027 Eğitim-Öğretim,MAC,Eğitim,Anaokulu 4 Yaş (48-59),1,ANAOKULU 4 YAŞ,56/59-CÖ-BİLGİNLER,Eğitim Alıyor,152000,76970,0,0,0,75030,0,75030,,,,,Dış,,,17.01.2026,,,
Mac Eğitim Kurumları,ÖZEL KAYSERİ SİMYA KOLEJİ ANAOKULU,36,78191,KIVANÇ DEMİRKAN,13293129358,16.07.2022,19.01.2026 00:00,2026 - 2027 Eğitim-Öğretim,MAC,Eğitim,Anaokulu 4 Yaş (48-59),1,ANAOKULU 4 YAŞ,48/51-İCG-GEZGİNLER,Eğitim Alıyor,147000,11500,0,0,0,135500,22250,113250,,,,,Dış,,,19.01.2026,,,
Mac Eğitim Kurumları,ÖZEL KAYSERİ SİMYA KOLEJİ ANAOKULU,37,78192,GÖKÇE YENİEL,25382162818,28.02.2022,19.01.2026 00:00,2026 - 2027 Eğitim-Öğretim,MAC,Eğitim,Anaokulu 4 Yaş (48-59),1,ANAOKULU 4 YAŞ,52/55-SM-MUCİTLER,Eğitim Alıyor,152000,152000,0,0,0,0,0,0,,,,,Dış,,,19.01.2026,,,
Mac Eğitim Kurumları,ÖZEL KAYSERİ SİMYA KOLEJİ ANAOKULU,39,78194,ARAS PAPAK,13100580648,21.07.2022,21.01.2026 00:00,2026 - 2027 Eğitim-Öğretim,MAC,Eğitim,Anaokulu 4 Yaş (48-59),1,ANAOKULU 4 YAŞ,48/51-İCG-GEZGİNLER,Eğitim Alıyor,152000,26400,0,0,0,125600,0,125600,,,,,Dış,,,21.01.2026,,,
Mac Eğitim Kurumları,ÖZEL KAYSERİ SİMYA KOLEJİ ANAOKULU,12,78168,YUSUF ARAS DOĞAN,36232798224,07.02.2022,05.01.2026 00:00,2026 - 2027 Eğitim-Öğretim,MAC,Eğitim,Anaokulu 4 Yaş (48-59),1,ANAOKULU 4 YAŞ,56/59-CÖ-BİLGİNLER,Eğitim Alıyor,152000,27800,0,0,0,124200,0,124200,,,,,Dış,,,05.01.2026,,,
Mac Eğitim Kurumları,ÖZEL KAYSERİ SİMYA KOLEJİ ANAOKULU,20,78175,NEHİR ELA ŞAHİN,35594387688,14.02.2022,13.01.2026 00:00,2026 - 2027 Eğitim-Öğretim,MAC,Eğitim,Anaokulu 4 Yaş (48-59),1,ANAOKULU 4 YAŞ,52/55-SM-MUCİTLER,Eğitim Alıyor,139240,139240,0,0,0,0,0,0,,,,,Dış,,,13.01.2026,,,
Mac Eğitim Kurumları,ÖZEL KAYSERİ SİMYA KOLEJİ ANAOKULU,22,78176,RÜMEYSA DENİZ ATİZLER,15005506440,30.05.2022,14.01.2026 00:00,2026 - 2027 Eğitim-Öğretim,MAC,Eğitim,Anaokulu 4 Yaş (48-59),1,ANAOKULU 4 YAŞ,48/51-İCG-GEZGİNLER,Eğitim Alıyor,152000,82160,0,0,0,69840,0,69840,,,,,Dış,,,14.01.2026,,,
Mac Eğitim Kurumları,ÖZEL KAYSERİ SİMYA KOLEJİ ANAOKULU,2,78237,NEHİR ADA YILMAZ,43123572030,15.10.2020,02.01.2026 00:00,2026 - 2027 Eğitim-Öğretim,,Yemek,Yemek,1,,,Eğitim Alacak,76000,44310,0,0,0,31690,0,31690,,,,,İç,,,02.01.2026,,,
Mac Eğitim Kurumları,ÖZEL KAYSERİ SİMYA KOLEJİ ANAOKULU,3,78238,ÇINAR EGE YILMAZ,26297132484,14.03.2022,02.01.2026 00:00,2026 - 2027 Eğitim-Öğretim,,Yemek,Yemek,1,,,Eğitim Alacak,76000,44310,0,0,0,31690,0,31690,,,,,İç,,,02.01.2026,,,
Mac Eğitim Kurumları,ÖZEL KAYSERİ SİMYA KOLEJİ ANAOKULU,4,78239,ASİL ASLAN AKGÜL,42826589970,16.12.2020,03.01.2026 00:00,2026 - 2027 Eğitim-Öğretim,,Yemek,Yemek,1,,,Eğitim Alacak,80000,0,0,0,0,80000,0,80000,,,,,İç,,,03.01.2026,,,
Mac Eğitim Kurumları,ÖZEL KAYSERİ SİMYA KOLEJİ ANAOKULU,5,78240,BERAT OSKAY,55996143798,29.01.2021,03.01.2026 00:00,2026 - 2027 Eğitim-Öğretim,,Yemek,Yemek,1,,,Eğitim Alacak,80000,40000,0,0,0,40000,0,40000,,,,,İç,,,03.01.2026,,,
Mac Eğitim Kurumları,ÖZEL KAYSERİ SİMYA KOLEJİ ANAOKULU,6,78241,ELVİN GÖKCAN,52549253768,02.01.2023,03.01.2026 00:00,2026 - 2027 Eğitim-Öğretim,,Yemek,Yemek,1,,,Eğitim Alacak,80000,24000,0,0,0,56000,0,56000,,,,,Dış,,,03.01.2026,,,
Mac Eğitim Kurumları,ÖZEL KAYSERİ SİMYA KOLEJİ ANAOKULU,236,94560,ASİLHAN DİNÇER,48037405382,23.01.2024,01.10.2026 11:48,2026 - 2027 Eğitim-Öğretim,,Yemek,Yemek,1,,,Eğitim Alacak,80000,45000,0,0,0,35000,0,35000,,,,AKİF SANCAK,Dış,,,01.10.2026,,,
Mac Eğitim Kurumları,ÖZEL KAYSERİ SİMYA KOLEJİ ANAOKULU,238,94826,ERDAL KÜRŞAT ŞAHİN,55693153816,06.11.2021,03.10.2026 00:00,2026 - 2027 Eğitim-Öğretim,,Yemek,Yemek,1,,,Eğitim Alacak,80000,6285.72,0,0,0,73714.28,0,73714.28,,DUYGU KÖSE,DUYGU KÖSE,DUYGU KÖSE,Dış,,,03.10.2026,,,
Mac Eğitim Kurumları,ÖZEL KAYSERİ SİMYA KOLEJİ ANAOKULU,234,92936,YEKTA TURAN,21770279724,16.02.2021,14.09.2026 09:29,2026 - 2027 Eğitim-Öğretim,,Yemek,Yemek,1,,,Eğitim Alacak,80000,80000,0,0,0,0,0,0,,,,AKİF SANCAK,Dış,,,14.09.2026,,,
Mac Eğitim Kurumları,ÖZEL KAYSERİ SİMYA KOLEJİ ANAOKULU,105,93065,ASYA KIZILGÜL,59983010612,11.10.2021,15.09.2026 10:14,2026 - 2027 Eğitim-Öğretim,,Yemek,Yemek,1,,,Eğitim Alacak,80000,4984.42,0,0,0,75015.58,1246.11,73769.47,,,,AKİF SANCAK,İç,,,15.09.2026,,,
Mac Eğitim Kurumları,ÖZEL KAYSERİ SİMYA KOLEJİ ANAOKULU,235,93383,HAFSA BOZKURT,31097191494,03.03.2023,18.09.2026 00:00,2026 - 2027 Eğitim-Öğretim,,Yemek,Yemek,1,,,Eğitim Alacak,80000,7407.41,0,0,0,72592.59,0,72592.59,,DUYGU KÖSE,DUYGU KÖSE,DUYGU KÖSE,Dış,,,18.09.2026,,,
Mac Eğitim Kurumları,ÖZEL KAYSERİ SİMYA KOLEJİ ANAOKULU,237,94185,ARHAN ZENGER,41440629314,01.09.2023,26.09.2026 00:00,2026 - 2027 Eğitim-Öğretim,,Yemek,Yemek,1,,,Eğitim Alacak,80000,0,0,0,0,80000,80000,0,,,,AKİF SANCAK,Dış,,,26.09.2026,,,
Mac Eğitim Kurumları,ÖZEL KAYSERİ SİMYA KOLEJİ ANAOKULU,48,94318,GÖKÇE USTA,17285434420,21.12.2021,28.09.2026 00:00,2026 - 2027 Eğitim-Öğretim,,Yemek,Yemek,1,,,Eğitim Alacak,80000,0,0,0,0,80000,0,80000,,DUYGU KÖSE,DUYGU KÖSE,DUYGU KÖSE,İç,,,28.09.2026,,,
Mac Eğitim Kurumları,ÖZEL KAYSERİ SİMYA KOLEJİ ANAOKULU,229,92255,ALMİRA ÖTENKAYA,44428524250,15.05.2023,08.09.2026 00:00,2026 - 2027 Eğitim-Öğretim,,Yemek,Yemek,1,,,Eğitim Alacak,80000,5517.24,0,0,0,74482.76,0,74482.76,,DUYGU KÖSE,DUYGU KÖSE,DUYGU KÖSE,Dış,,,08.09.2026,,,
Mac Eğitim Kurumları,ÖZEL KAYSERİ SİMYA KOLEJİ ANAOKULU,26,92495,DENİZ DORUK GÜRBÜZ,30685754738,16.04.2022,10.09.2026 13:14,2026 - 2027 Eğitim-Öğretim,,Yemek,Yemek,1,,,Eğitim Alacak,80000,0,0,0,0,80000,6666.66,73333.34,,,,MUHAMMED ALİ ÇAĞIR,İç,,,10.09.2026,,,
Mac Eğitim Kurumları,ÖZEL KAYSERİ SİMYA KOLEJİ ANAOKULU,231,92726,İDİL UMAY YAZICI,43975543752,04.03.2024,12.09.2026 00:00,2026 - 2027 Eğitim-Öğretim,,Yemek,Yemek,1,,,Eğitim Alacak,80000,6400,0,0,0,73600,44800,28800,,,,MUHAMMED ALİ ÇAĞIR,Dış,,,12.09.2026,,,
Mac Eğitim Kurumları,ÖZEL KAYSERİ SİMYA KOLEJİ ANAOKULU,230,92727,ALMİLA ASYA YAZICI,44095539762,04.03.2024,12.09.2026 13:40,2026 - 2027 Eğitim-Öğretim,,Yemek,Yemek,1,,,Eğitim Alacak,80000,51200,0,0,0,28800,0,28800,,,,MUHAMMED ALİ ÇAĞIR,Dış,,,12.09.2026,,,
Mac Eğitim Kurumları,ÖZEL KAYSERİ SİMYA KOLEJİ ANAOKULU,232,92738,CEYLİN HAVA İLBAY,47206432716,22.11.2023,12.09.2026 00:00,2026 - 2027 Eğitim-Öğretim,,Yemek,Yemek,1,,,Eğitim Alacak,80000,6666.67,0,0,0,73333.33,0,73333.33,,DUYGU KÖSE,DUYGU KÖSE,DUYGU KÖSE,Dış,,,12.09.2026,,,
Mac Eğitim Kurumları,ÖZEL KAYSERİ SİMYA KOLEJİ ANAOKULU,224,91581,ELİF ALTUNER,25448160550,29.05.2021,03.09.2026 00:00,2026 - 2027 Eğitim-Öğretim,,Yemek,Yemek,1,,,Eğitim Alacak,80000,6400,0,0,0,73600,0,73600,,DUYGU KÖSE,DUYGU KÖSE,DUYGU KÖSE,Dış,,,03.09.2026,,,
Mac Eğitim Kurumları,ÖZEL KAYSERİ SİMYA KOLEJİ ANAOKULU,225,91583,BUĞRA KÖYLÜ,T6824269077,29.09.2021,03.09.2026 00:00,2026 - 2027 Eğitim-Öğretim,,Yemek,Yemek,1,,,Eğitim Alacak,80000,0,0,0,0,80000,0,80000,,DUYGU KÖSE,DUYGU KÖSE,DUYGU KÖSE,Dış,,,03.09.2026,,,
Mac Eğitim Kurumları,ÖZEL KAYSERİ SİMYA KOLEJİ ANAOKULU,226,91815,ULU KAAN ALÇAM,54196203516,20.05.2023,05.09.2026 00:00,2026 - 2027 Eğitim-Öğretim,,Yemek,Yemek,1,,,Eğitim Alacak,80000,6666.66,0,0,0,73333.34,9333.34,64000,,DUYGU KÖSE,DUYGU KÖSE,DUYGU KÖSE,Dış,,,05.09.2026,,,
Mac Eğitim Kurumları,ÖZEL KAYSERİ SİMYA KOLEJİ ANAOKULU,227,91956,YUSUF EGE DUYMAZ,26620129198,10.11.2020,07.09.2026 13:45,2026 - 2027 Eğitim-Öğretim,,Yemek,Yemek,1,,,Eğitim Alacak,80000,16000,0,0,0,64000,9600,54400,,,,DUYGU KÖSE,Dış,,,07.09.2026,,,
Mac Eğitim Kurumları,ÖZEL KAYSERİ SİMYA KOLEJİ ANAOKULU,193,92143,DENİZ ÖZBEK,48901954336,10.11.2021,08.09.2026 11:44,2026 - 2027 Eğitim-Öğretim,,Yemek,Yemek,1,,,Eğitim Alacak,80000,8000,0,0,0,72000,0,72000,,,,AKİF SANCAK,İç,,,08.09.2026,,,
Mac Eğitim Kurumları,ÖZEL KAYSERİ SİMYA KOLEJİ ANAOKULU,174,90784,NİHAL ELİZ OYMAKAPU,19589357344,13.09.2022,28.08.2026 13:56,2026 - 2027 Eğitim-Öğretim,,Yemek,Yemek,1,,,Eğitim Alacak,80000,59520,0,0,0,20480,0,20480,,DUYGU KÖSE,DUYGU KÖSE,DUYGU KÖSE,İç,,,28.08.2026,,,
Mac Eğitim Kurumları,ÖZEL KAYSERİ SİMYA KOLEJİ ANAOKULU,220,90937,DURU ADA ÖZDEMİR,34105332056,12.12.2022,29.08.2026 00:00,2026 - 2027 Eğitim-Öğretim,,Yemek,Yemek,1,,,Eğitim Alacak,80000,8000,0,0,0,72000,0,72000,,,,AKİF SANCAK,Dış,,,29.08.2026,,,
Mac Eğitim Kurumları,ÖZEL KAYSERİ SİMYA KOLEJİ ANAOKULU,221,91105,GÜLSEREN PATIROĞLU,24185199908,08.06.2021,31.08.2026 00:00,2026 - 2027 Eğitim-Öğretim,,Yemek,Yemek,1,,,Eğitim Alacak,80000,20000,0,0,0,60000,0,60000,,,,AKİF SANCAK,Dış,,,31.08.2026,,,
Mac Eğitim Kurumları,ÖZEL KAYSERİ SİMYA KOLEJİ ANAOKULU,222,91180,YİĞİT HAMZA SARI,54619767588,19.03.2023,31.08.2026 00:00,2026 - 2027 Eğitim-Öğretim,,Yemek,Yemek,1,,,Eğitim Alacak,80000,9655.17,0,0,0,70344.83,0,70344.83,,,,AKİF SANCAK,Dış,,,31.08.2026,,,
Mac Eğitim Kurumları,ÖZEL KAYSERİ SİMYA KOLEJİ ANAOKULU,216,88715,ARAS KASIMOĞLU,36928778684,27.03.2023,22.08.2026 00:00,2026 - 2027 Eğitim-Öğretim,,Yemek,Yemek,1,,,Eğitim Alacak,80000,30727.27,0,0,0,49272.73,0,49272.73,,,,AKİF SANCAK,Dış,,,22.08.2026,,,
Mac Eğitim Kurumları,ÖZEL KAYSERİ SİMYA KOLEJİ ANAOKULU,55,88718,AZRA GÖLCÜ,50263333858,19.04.2022,22.08.2026 17:24,2026 - 2027 Eğitim-Öğretim,,Yemek,Yemek,1,,,Eğitim Alacak,80000,338.46,0,0,0,79661.54,0,79661.54,,,,AKİF SANCAK,İç,,,22.08.2026,,,
Mac Eğitim Kurumları,ÖZEL KAYSERİ SİMYA KOLEJİ ANAOKULU,217,90349,MEHMET GÜNEŞ,25661155180,06.10.2022,25.08.2026 00:00,2026 - 2027 Eğitim-Öğretim,,Yemek,Yemek,1,,,Eğitim Alacak,80000,40000,0,0,0,40000,0,40000,,DUYGU KÖSE,DUYGU KÖSE,DUYGU KÖSE,Dış,,,25.08.2026,,,
Mac Eğitim Kurumları,ÖZEL KAYSERİ SİMYA KOLEJİ ANAOKULU,204,90661,BENGÜ BAYRAM,40138670874,07.11.2023,26.08.2026 17:18,2026 - 2027 Eğitim-Öğretim,,Yemek,Yemek,1,,,Eğitim Alacak,80000,0,0,0,0,80000,0,80000,,DUYGU KÖSE,DUYGU KÖSE,DUYGU KÖSE,İç,,,26.08.2026,,,
Mac Eğitim Kurumları,ÖZEL KAYSERİ SİMYA KOLEJİ ANAOKULU,211,88145,ARYA SULTAN MİLLET,27941079346,24.10.2022,15.08.2026 00:00,2026 - 2027 Eğitim-Öğretim,,Yemek,Yemek,1,,,Eğitim Alacak,76000,11733.34,0,0,0,64266.66,0,64266.66,,DUYGU KÖSE,DUYGU KÖSE,DUYGU KÖSE,Dış,,,15.08.2026,,,
Mac Eğitim Kurumları,ÖZEL KAYSERİ SİMYA KOLEJİ ANAOKULU,212,88287,YUSUF EYMEN YÖNTEM,59902013526,03.11.2021,17.08.2026 00:00,2026 - 2027 Eğitim-Öğretim,,Yemek,Yemek,1,,,Eğitim Alacak,80000,11962.62,0,0,0,68037.38,0,68037.38,,DUYGU KÖSE,DUYGU KÖSE,DUYGU KÖSE,Dış,,,17.08.2026,,,
Mac Eğitim Kurumları,ÖZEL KAYSERİ SİMYA KOLEJİ ANAOKULU,213,88320,YALÇIN KEÇECİ,16871447288,07.04.2023,17.08.2026 00:00,2026 - 2027 Eğitim-Öğretim,,Yemek,Yemek,1,,,Eğitim Alacak,50000,10000,0,0,0,40000,0,40000,,DUYGU KÖSE,DUYGU KÖSE,DUYGU KÖSE,Dış,,,17.08.2026,,,
Mac Eğitim Kurumları,ÖZEL KAYSERİ SİMYA KOLEJİ ANAOKULU,178,88489,ZEYNEP ÇERÇİ,48187404488,27.10.2022,20.08.2026 09:15,2026 - 2027 Eğitim-Öğretim,,Yemek,Yemek,1,,,Eğitim Alacak,80000,12266.66,0,0,0,67733.34,0,67733.34,,,,DUYGU KÖSE,İç,,,20.08.2026,,,
Mac Eğitim Kurumları,ÖZEL KAYSERİ SİMYA KOLEJİ ANAOKULU,214,88709,NAZ KASIMOĞLU,36238801652,27.03.2023,22.08.2026 00:00,2026 - 2027 Eğitim-Öğretim,,Yemek,Yemek,1,,,Eğitim Alacak,80000,30727.27,0,0,0,49272.73,0,49272.73,,,,AKİF SANCAK,Dış,,,22.08.2026,,,
Mac Eğitim Kurumları,ÖZEL KAYSERİ SİMYA KOLEJİ ANAOKULU,215,88712,DURU KASIMOĞLU,36733785136,27.03.2023,22.08.2026 00:00,2026 - 2027 Eğitim-Öğretim,,Yemek,Yemek,1,,,Eğitim Alacak,80000,30727.27,0,0,0,49272.73,0,49272.73,,,,AKİF SANCAK,Dış,,,22.08.2026,,,
Mac Eğitim Kurumları,ÖZEL KAYSERİ SİMYA KOLEJİ ANAOKULU,17,87083,KEMAL BATUR DANACI,35572820282,25.05.2021,03.08.2026 17:56,2026 - 2027 Eğitim-Öğretim,,Yemek,Yemek,1,,,Eğitim Alacak,80000,72000,0,8000,0,0,0,0,,,,EMRE HELVACI,İç,,,03.08.2026,,,
Mac Eğitim Kurumları,ÖZEL KAYSERİ SİMYA KOLEJİ ANAOKULU,205,87123,ALPEREN KANTAR,59752017804,29.10.2020,04.08.2026 00:00,2026 - 2027 Eğitim-Öğretim,,Yemek,Yemek,1,,,Eğitim Alacak,80000,80000,0,0,0,0,0,0,,,,EMRE HELVACI,Dış,,,04.08.2026,,,
Mac Eğitim Kurumları,ÖZEL KAYSERİ SİMYA KOLEJİ ANAOKULU,206,87138,İLAY KÜÇÜKYAZI,58762050924,11.04.2023,04.08.2026 00:00,2026 - 2027 Eğitim-Öğretim,,Yemek,Yemek,1,,,Eğitim Alacak,80000,80000,0,0,0,0,0,0,,DUYGU KÖSE,DUYGU KÖSE,DUYGU KÖSE,Dış,,,04.08.2026,,,
Mac Eğitim Kurumları,ÖZEL KAYSERİ SİMYA KOLEJİ ANAOKULU,207,87309,ALPARSLAN DİRİM,57334098098,02.01.2024,07.08.2026 00:00,2026 - 2027 Eğitim-Öğretim,,Yemek,Yemek,1,,,Eğitim Alacak,80000,80000,0,0,0,0,0,0,,DUYGU KÖSE,DUYGU KÖSE,DUYGU KÖSE,Dış,,,07.08.2026,,,
Mac Eğitim Kurumları,ÖZEL KAYSERİ SİMYA KOLEJİ ANAOKULU,209,87747,ALYA ÖZAL,55195169056,12.12.2022,12.08.2026 00:00,2026 - 2027 Eğitim-Öğretim,,Yemek,Yemek,1,,,Eğitim Alacak,80000,80000,0,0,0,0,0,0,,DUYGU KÖSE,DUYGU KÖSE,DUYGU KÖSE,Dış,,,12.08.2026,,,
Mac Eğitim Kurumları,ÖZEL KAYSERİ SİMYA KOLEJİ ANAOKULU,210,88141,MİRA ALYA MİLLET,27731086318,24.10.2022,15.08.2026 00:00,2026 - 2027 Eğitim-Öğretim,,Yemek,Yemek,1,,,Eğitim Alacak,76000,11733.33,0,0,0,64266.67,0,64266.67,,DUYGU KÖSE,DUYGU KÖSE,DUYGU KÖSE,Dış,,,15.08.2026,,,
Mac Eğitim Kurumları,ÖZEL KAYSERİ SİMYA KOLEJİ ANAOKULU,196,86189,İPEK EREN,39319695690,28.03.2022,22.07.2026 00:00,2026 - 2027 Eğitim-Öğretim,,Yemek,Yemek,1,,,Eğitim Alacak,80000,72727.27,0,0,0,7272.73,0,7272.73,,MUHAMMED ALİ ÇAĞIR,MUHAMMED ALİ ÇAĞIR,AKİF SANCAK,Dış,,,22.07.2026,,,
Mac Eğitim Kurumları,ÖZEL KAYSERİ SİMYA KOLEJİ ANAOKULU,198,86630,GÖKTUĞ CEYHAN,20294896370,15.01.2023,28.07.2026 18:01,2026 - 2027 Eğitim-Öğretim,,Yemek,Yemek,1,,,Eğitim Alacak,80000,80000,0,0,0,0,0,0,,,,EMRE HELVACI,Dış,,,28.07.2026,,,
Mac Eğitim Kurumları,ÖZEL KAYSERİ SİMYA KOLEJİ ANAOKULU,1,86720,EYMEN ALP ÇAĞIR,36391804712,02.09.2020,30.07.2026 13:00,2026 - 2027 Eğitim-Öğretim,,Yemek,Yemek,1,,,Eğitim Alacak,0,0,0,0,0,0,0,0,,,,EMRE HELVACI,İç,,,30.07.2026,,,
Mac Eğitim Kurumları,ÖZEL KAYSERİ SİMYA KOLEJİ ANAOKULU,202,86991,TUANA SÖZDUYAR,37324766480,16.10.2022,01.08.2026 00:00,2026 - 2027 Eğitim-Öğretim,,Yemek,Yemek,1,,,Eğitim Alacak,80000,12266.67,0,0,0,67733.33,0,67733.33,,DUYGU KÖSE,DUYGU KÖSE,DUYGU KÖSE,Dış,,,01.08.2026,,,
Mac Eğitim Kurumları,ÖZEL KAYSERİ SİMYA KOLEJİ ANAOKULU,181,84365,ILGAZ KEÇELİ,26249129982,03.10.2022,27.06.2026 00:00,2026 - 2027 Eğitim-Öğretim,,Yemek,Yemek,1,,,Eğitim Alacak,80000,80000,0,0,0,0,0,0,,MUHAMMED ALİ ÇAĞIR,MUHAMMED ALİ ÇAĞIR,BEYZA KOÇAK,Dış,,,27.06.2026,,,
Mac Eğitim Kurumları,ÖZEL KAYSERİ SİMYA KOLEJİ ANAOKULU,183,84478,GÖRKEM ÖZÇİLİNGİR,40162667710,07.05.2022,29.06.2026 11:14,2026 - 2027 Eğitim-Öğretim,,Yemek,Yemek,1,,,Eğitim Alacak,80000,80000,0,0,0,0,0,0,,MUHAMMED ALİ ÇAĞIR,MUHAMMED ALİ ÇAĞIR,MUHAMMED ALİ ÇAĞIR,Dış,,,29.06.2026,,,
Mac Eğitim Kurumları,ÖZEL KAYSERİ SİMYA KOLEJİ ANAOKULU,188,85045,DEMİR TAŞKIN,56356139536,30.06.2022,04.07.2026 00:00,2026 - 2027 Eğitim-Öğretim,,Yemek,Yemek,1,,,Eğitim Alacak,80000,23000,0,0,0,57000,0,57000,,MUHAMMED ALİ ÇAĞIR,MUHAMMED ALİ ÇAĞIR,MUHAMMED ALİ ÇAĞIR,Dış,,,04.07.2026,,,
Mac Eğitim Kurumları,ÖZEL KAYSERİ SİMYA KOLEJİ ANAOKULU,15,85280,YUSUF GÜVENER,43885290234,21.01.2021,08.07.2026 18:22,2026 - 2027 Eğitim-Öğretim,,Yemek,Yemek,1,,,Eğitim Alacak,80000,27387.51,0,0,0,52612.49,52612.49,0,,MUHAMMED ALİ ÇAĞIR,MUHAMMED ALİ ÇAĞIR,EMRE HELVACI,İç,,,08.07.2026,,,
Mac Eğitim Kurumları,ÖZEL KAYSERİ SİMYA KOLEJİ ANAOKULU,192,85850,AYBÜKE AKŞİT,14783524936,10.02.2022,15.07.2026 17:23,2026 - 2027 Eğitim-Öğretim,,Yemek,Yemek,1,,,Eğitim Alacak,80000,40000,0,0,0,40000,0,40000,,BEYZA KOÇAK,BEYZA KOÇAK,BEYZA KOÇAK,İç,,,15.07.2026,,,
Mac Eğitim Kurumları,ÖZEL KAYSERİ SİMYA KOLEJİ ANAOKULU,164,81317,ASAF ALİ NALBANTOĞLU,49072371182,01.07.2022,05.06.2026 00:00,2026 - 2027 Eğitim-Öğretim,,Yemek,Yemek,1,,,Eğitim Alacak,80000,0,0,0,0,80000,0,80000,,,,MUHAMMED ALİ ÇAĞIR,İç,,,05.06.2026,,,
Mac Eğitim Kurumları,ÖZEL KAYSERİ SİMYA KOLEJİ ANAOKULU,165,81319,HAMZA DURNA,21736256608,19.08.2020,05.06.2026 00:00,2026 - 2027 Eğitim-Öğretim,,Yemek,Yemek,1,,,Eğitim Alacak,80000,80000,0,0,0,0,0,0,,,,MUHAMMED ALİ ÇAĞIR,İç,,,05.06.2026,,,
Mac Eğitim Kurumları,ÖZEL KAYSERİ SİMYA KOLEJİ ANAOKULU,85,81425,MİRAÇ YUSUF ÖZBAŞ,18236397368,12.01.2021,20.06.2026 09:34,2026 - 2027 Eğitim-Öğretim,,Yemek,Yemek,1,,,Eğitim Alacak,80000,0,0,0,0,80000,80000,0,,MUHAMMED ALİ ÇAĞIR,MUHAMMED ALİ ÇAĞIR,EMRE HELVACI,İç,,,20.06.2026,,,
Mac Eğitim Kurumları,ÖZEL KAYSERİ SİMYA KOLEJİ ANAOKULU,153,81434,ONUR GEÇER,57154683054,03.03.2023,20.06.2026 09:58,2026 - 2027 Eğitim-Öğretim,,Yemek,Yemek,1,,,Eğitim Alacak,80000,80000,0,0,0,0,0,0,,,,EMRE HELVACI,İç,,,20.06.2026,,,
Mac Eğitim Kurumları,ÖZEL KAYSERİ SİMYA KOLEJİ ANAOKULU,8,81439,SAKİNE SERRA SARIASLAN,38239735516,22.01.2021,20.06.2026 11:18,2026 - 2027 Eğitim-Öğretim,,Yemek,Yemek,1,,,Eğitim Alacak,80000,0,0,0,0,80000,0,80000,,,,EMRE HELVACI,İç,,,20.06.2026,,,
Mac Eğitim Kurumları,ÖZEL KAYSERİ SİMYA KOLEJİ ANAOKULU,152,79681,BUĞLEM TOY,15998472500,19.01.2022,27.04.2026 00:00,2026 - 2027 Eğitim-Öğretim,,Yemek,Yemek,1,,,Eğitim Alacak,80000,0,0,0,0,80000,0,80000,,,,MUHAMMED ALİ ÇAĞIR,İç,,,27.04.2026,,,
Mac Eğitim Kurumları,ÖZEL KAYSERİ SİMYA KOLEJİ ANAOKULU,162,81312,VERA MAMAK,37615750846,28.08.2022,29.04.2026 00:00,2026 - 2027 Eğitim-Öğretim,,Yemek,Yemek,1,,,Eğitim Alacak,80000,0,0,0,0,80000,0,80000,,,,MUHAMMED ALİ ÇAĞIR,İç,,,29.04.2026,,,
Mac Eğitim Kurumları,ÖZEL KAYSERİ SİMYA KOLEJİ ANAOKULU,163,81314,GÖKHUN BALCI,16121471834,02.01.2024,11.05.2026 00:00,2026 - 2027 Eğitim-Öğretim,,Yemek,Yemek,1,,,Eğitim Alacak,40000,21125,0,0,0,18875,0,18875,,,,MUHAMMED ALİ ÇAĞIR,İç,,,11.05.2026,,,
Mac Eğitim Kurumları,ÖZEL KAYSERİ SİMYA KOLEJİ ANAOKULU,81,78315,METİN BERKAY ÖZSAVGA,26036142644,06.12.2021,13.04.2026 00:00,2026 - 2027 Eğitim-Öğretim,,Yemek,Yemek,1,,,Eğitim Alacak,80000,49000,0,0,0,31000,31000,0,,,,,İç,,,13.04.2026,,,
Mac Eğitim Kurumları,ÖZEL KAYSERİ SİMYA KOLEJİ ANAOKULU,78,78312,GÜLCE ELA ÖZDEMİR,23627217224,07.03.2023,08.04.2026 00:00,2026 - 2027 Eğitim-Öğretim,,Yemek,Yemek,1,,,Eğitim Alacak,80000,80000,0,0,0,0,0,0,,,,,İç,,,08.04.2026,,,
Mac Eğitim Kurumları,ÖZEL KAYSERİ SİMYA KOLEJİ ANAOKULU,80,78314,DEFNE SENEM DUR,52990251542,29.04.2023,10.04.2026 00:00,2026 - 2027 Eğitim-Öğretim,,Yemek,Yemek,1,,,Eğitim Alacak,80000,80000,0,0,0,0,0,0,,,,,İç,,,10.04.2026,,,
Mac Eğitim Kurumları,ÖZEL KAYSERİ SİMYA KOLEJİ ANAOKULU,69,78303,LİDYA YENİCE,55639150138,25.02.2023,27.02.2026 00:00,2026 - 2027 Eğitim-Öğretim,,Yemek,Yemek,1,,,Eğitim Alacak,80000,40000,0,0,0,40000,0,40000,,,,,İç,,,27.02.2026,,,
Mac Eğitim Kurumları,ÖZEL KAYSERİ SİMYA KOLEJİ ANAOKULU,70,78304,YAĞIZ ALAĞAŞ,24250956160,24.01.2023,28.03.2026 00:00,2026 - 2027 Eğitim-Öğretim,,Yemek,Yemek,1,,,Eğitim Alacak,80000,80000,0,0,0,0,0,0,,,,,İç,,,28.03.2026,,,
Mac Eğitim Kurumları,ÖZEL KAYSERİ SİMYA KOLEJİ ANAOKULU,71,78305,BİGE KIRBOZ,33898876068,09.02.2022,29.03.2026 00:00,2026 - 2027 Eğitim-Öğretim,,Yemek,Yemek,1,,,Eğitim Alacak,80000,80000,0,0,0,0,0,0,,,,,İç,,,29.03.2026,,,
Mac Eğitim Kurumları,ÖZEL KAYSERİ SİMYA KOLEJİ ANAOKULU,72,78306,GÖRKEM SERİN,53302233034,08.04.2024,30.03.2026 00:00,2026 - 2027 Eğitim-Öğretim,,Yemek,Yemek,1,,,Eğitim Alacak,80000,80000,0,0,0,0,0,0,,,,,İç,,,30.03.2026,,,
Mac Eğitim Kurumları,ÖZEL KAYSERİ SİMYA KOLEJİ ANAOKULU,73,78307,GÖRKEM BERTUĞ HERDEM,32077941306,26.08.2023,30.03.2026 00:00,2026 - 2027 Eğitim-Öğretim,,Yemek,Yemek,1,,,Eğitim Alacak,80000,80000,0,0,0,0,0,0,,,,,İç,,,30.03.2026,,,
Mac Eğitim Kurumları,ÖZEL KAYSERİ SİMYA KOLEJİ ANAOKULU,74,78308,UMAY YILMAZ,15851236270,04.11.2021,31.03.2026 00:00,2026 - 2027 Eğitim-Öğretim,,Yemek,Yemek,1,,,Eğitim Alacak,80000,80000,0,0,0,0,0,0,,,,,İç,,,31.03.2026,,,
Mac Eğitim Kurumları,ÖZEL KAYSERİ SİMYA KOLEJİ ANAOKULU,63,78297,MERT ASAF GARİPOĞLU,40129671156,01.12.2022,07.02.2026 00:00,2026 - 2027 Eğitim-Öğretim,,Yemek,Yemek,1,,,Eğitim Alacak,80000,750,0,0,0,79250,0,79250,,,,,İç,,,07.02.2026,,,
Mac Eğitim Kurumları,ÖZEL KAYSERİ SİMYA KOLEJİ ANAOKULU,64,78298,MASAL TOLU,38482726774,22.05.2022,10.02.2026 00:00,2026 - 2027 Eğitim-Öğretim,,Yemek,Yemek,1,,,Eğitim Alacak,80000,52500,0,0,0,27500,0,27500,,,,,İç,,,10.02.2026,,,
Mac Eğitim Kurumları,ÖZEL KAYSERİ SİMYA KOLEJİ ANAOKULU,65,78299,UMAY ELA CÖMERT,44038857380,07.09.2022,12.02.2026 00:00,2026 - 2027 Eğitim-Öğretim,,Yemek,Yemek,1,,,Eğitim Alacak,80000,80000,0,0,0,0,0,0,,,,,İç,,,12.02.2026,,,
Mac Eğitim Kurumları,ÖZEL KAYSERİ SİMYA KOLEJİ ANAOKULU,66,78300,EFNAN ALPARSLAN,26948107120,26.06.2023,14.02.2026 00:00,2026 - 2027 Eğitim-Öğretim,,Yemek,Yemek,1,,,Eğitim Alacak,80000,0,0,0,0,80000,0,80000,,,,,İç,,,14.02.2026,,,
Mac Eğitim Kurumları,ÖZEL KAYSERİ SİMYA KOLEJİ ANAOKULU,67,78301,YİĞİT ALİ BENLİ,22757247804,22.04.2022,18.02.2026 00:00,2026 - 2027 Eğitim-Öğretim,,Yemek,Yemek,1,,,Eğitim Alacak,79420,79420,0,0,0,0,0,0,,,,,İç,,,18.02.2026,,,
Mac Eğitim Kurumları,ÖZEL KAYSERİ SİMYA KOLEJİ ANAOKULU,68,78302,AYAZ PASLIOĞLU,29528026408,03.11.2022,20.02.2026 00:00,2026 - 2027 Eğitim-Öğretim,,Yemek,Yemek,1,,,Eğitim Alacak,80000,0,0,0,0,80000,80000,0,,,,,İç,,,20.02.2026,,,
Mac Eğitim Kurumları,ÖZEL KAYSERİ SİMYA KOLEJİ ANAOKULU,57,78292,TUNA ALİ ÖZDEMİR,36065370246,07.06.2021,30.01.2026 00:00,2026 - 2027 Eğitim-Öğretim,,Yemek,Yemek,1,,,Eğitim Alacak,80000,80000,0,0,0,0,0,0,,,,,İç,,,30.01.2026,,,
Mac Eğitim Kurumları,ÖZEL KAYSERİ SİMYA KOLEJİ ANAOKULU,59,78294,YUSUF EMİR AYTEMUR,30838980830,05.12.2022,31.01.2026 00:00,2026 - 2027 Eğitim-Öğretim,,Yemek,Yemek,1,,,Eğitim Alacak,80000,0,0,0,0,80000,0,80000,,,,,İç,,,31.01.2026,,,
Mac Eğitim Kurumları,ÖZEL KAYSERİ SİMYA KOLEJİ ANAOKULU,60,78295,DİLAY ASYA ELDENİZ,33517900198,26.09.2023,31.01.2026 00:00,2026 - 2027 Eğitim-Öğretim,,Yemek,Yemek,1,,,Eğitim Alacak,80000,80000,0,0,0,0,0,0,,,,,İç,,,31.01.2026,,,
Mac Eğitim Kurumları,ÖZEL KAYSERİ SİMYA KOLEJİ ANAOKULU,62,78296,AYBARS EYMEN ATAR,31747948508,14.03.2024,03.02.2026 00:00,2026 - 2027 Eğitim-Öğretim,,Yemek,Yemek,1,,,Eğitim Alacak,80000,0,0,0,0,80000,0,80000,,,,,İç,,,03.02.2026,,,
Mac Eğitim Kurumları,ÖZEL KAYSERİ SİMYA KOLEJİ ANAOKULU,50,78286,GÜNEŞ FATMA COŞKUN,27089106812,03.07.2022,26.01.2026 00:00,2026 - 2027 Eğitim-Öğretim,,Yemek,Yemek,1,,,Eğitim Alacak,80000,29000,0,0,0,51000,0,51000,,,,,İç,,,26.01.2026,,,
Mac Eğitim Kurumları,ÖZEL KAYSERİ SİMYA KOLEJİ ANAOKULU,51,78287,GÖKHAN ASLAN,38482727764,27.07.2023,27.01.2026 00:00,2026 - 2027 Eğitim-Öğretim,,Yemek,Yemek,1,,,Eğitim Alacak,80000,55384,0,0,0,24616,0,24616,,,,,İç,,,27.01.2026,,,
Mac Eğitim Kurumları,ÖZEL KAYSERİ SİMYA KOLEJİ ANAOKULU,54,78290,DURU AKDEMİR,27410095952,09.06.2022,29.01.2026 00:00,2026 - 2027 Eğitim-Öğretim,,Yemek,Yemek,1,,,Eğitim Alacak,80000,26100,0,0,0,53900,0,53900,,,,,İç,,,29.01.2026,,,
Mac Eğitim Kurumları,ÖZEL KAYSERİ SİMYA KOLEJİ ANAOKULU,43,78279,AKIN ÖZMEN,50779316222,21.02.2022,23.01.2026 00:00,2026 - 2027 Eğitim-Öğretim,,Yemek,Yemek,1,,,Eğitim Alacak,80000,49500,0,0,0,30500,0,30500,,,,,İç,,,23.01.2026,,,
Mac Eğitim Kurumları,ÖZEL KAYSERİ SİMYA KOLEJİ ANAOKULU,44,78280,TAHA BOSTANCI,52708252168,23.06.2021,23.01.2026 00:00,2026 - 2027 Eğitim-Öğretim,,Yemek,Yemek,1,,,Eğitim Alacak,80000,5000,0,0,0,75000,6000,69000,,,,,İç,,,23.01.2026,,,
Mac Eğitim Kurumları,ÖZEL KAYSERİ SİMYA KOLEJİ ANAOKULU,45,78281,ZÜMRA BOSTANCI,59659022154,08.11.2022,23.01.2026 00:00,2026 - 2027 Eğitim-Öğretim,,Yemek,Yemek,1,,,Eğitim Alacak,80000,3000,0,0,0,77000,8000,69000,,,,,İç,,,23.01.2026,,,
Mac Eğitim Kurumları,ÖZEL KAYSERİ SİMYA KOLEJİ ANAOKULU,47,78283,ASEL LİNA ÇELİK,49465360670,21.05.2022,24.01.2026 00:00,2026 - 2027 Eğitim-Öğretim,,Yemek,Yemek,1,,,Eğitim Alacak,80000,80000,0,0,0,0,0,0,,,,,İç,,,24.01.2026,,,
Mac Eğitim Kurumları,ÖZEL KAYSERİ SİMYA KOLEJİ ANAOKULU,37,78273,GÖKÇE YENİEL,25382162818,28.02.2022,19.01.2026 00:00,2026 - 2027 Eğitim-Öğretim,,Yemek,Yemek,1,,,Eğitim Alacak,80000,80000,0,0,0,0,0,0,,,,,İç,,,19.01.2026,,,
Mac Eğitim Kurumları,ÖZEL KAYSERİ SİMYA KOLEJİ ANAOKULU,38,78274,UFUK KAYRA AYTAŞ,59128039096,21.12.2020,20.01.2026 00:00,2026 - 2027 Eğitim-Öğretim,,Yemek,Yemek,1,,,Eğitim Alacak,80000,60000,0,0,0,20000,20000,0,,,,,İç,,,20.01.2026,,,
Mac Eğitim Kurumları,ÖZEL KAYSERİ SİMYA KOLEJİ ANAOKULU,39,78275,ARAS PAPAK,13100580648,21.07.2022,21.01.2026 00:00,2026 - 2027 Eğitim-Öğretim,,Yemek,Yemek,1,,,Eğitim Alacak,80000,16000,0,0,0,64000,0,64000,,,,,İç,,,21.01.2026,,,
Mac Eğitim Kurumları,ÖZEL KAYSERİ SİMYA KOLEJİ ANAOKULU,40,78276,AYBARS TÜRKAY,52246263022,08.08.2022,22.01.2026 00:00,2026 - 2027 Eğitim-Öğretim,,Yemek,Yemek,1,,,Eğitim Alacak,80000,0,0,0,0,80000,0,80000,,,,,İç,,,22.01.2026,,,
Mac Eğitim Kurumları,ÖZEL KAYSERİ SİMYA KOLEJİ ANAOKULU,84,78267,YİĞİT CAN YAMAN,46384459744,10.05.2021,17.01.2026 00:00,2026 - 2027 Eğitim-Öğretim,,Yemek,Yemek,1,,,Eğitim Alacak,80000,80000,0,0,0,0,0,0,,,,,İç,,,17.01.2026,,,
Mac Eğitim Kurumları,ÖZEL KAYSERİ SİMYA KOLEJİ ANAOKULU,32,78268,YUSUF ARDEN AKKUŞ,55486159384,17.02.2022,17.01.2026 00:00,2026 - 2027 Eğitim-Öğretim,,Yemek,Yemek,1,,,Eğitim Alacak,80000,80000,0,0,0,0,0,0,,,,,İç,,,17.01.2026,,,
Mac Eğitim Kurumları,ÖZEL KAYSERİ SİMYA KOLEJİ ANAOKULU,33,78269,NACİ DENİZ GUBAROĞLU,30194002986,09.05.2022,17.01.2026 00:00,2026 - 2027 Eğitim-Öğretim,,Yemek,Yemek,1,,,Eğitim Alacak,80000,8050,0,0,0,71950,0,71950,,,,,İç,,,17.01.2026,,,
Mac Eğitim Kurumları,ÖZEL KAYSERİ SİMYA KOLEJİ ANAOKULU,34,78270,AHMET URAS PINAR,34942852816,10.02.2021,17.01.2026 00:00,2026 - 2027 Eğitim-Öğretim,,Yemek,Yemek,1,,,Eğitim Alacak,80000,23885,0,0,0,56115,0,56115,,,,,İç,,,17.01.2026,,,
Mac Eğitim Kurumları,ÖZEL KAYSERİ SİMYA KOLEJİ ANAOKULU,35,78271,GÜNEŞ KÖKEN,53953219142,22.11.2021,17.01.2026 00:00,2026 - 2027 Eğitim-Öğretim,,Yemek,Yemek,1,,,Eğitim Alacak,80000,40000,0,0,0,40000,0,40000,,,,,İç,,,17.01.2026,,,
Mac Eğitim Kurumları,ÖZEL KAYSERİ SİMYA KOLEJİ ANAOKULU,36,78272,KIVANÇ DEMİRKAN,13293129358,16.07.2022,19.01.2026 00:00,2026 - 2027 Eğitim-Öğretim,,Yemek,Yemek,1,,,Eğitim Alacak,80000,0,0,0,0,80000,25500,54500,,,,,İç,,,19.01.2026,,,
Mac Eğitim Kurumları,ÖZEL KAYSERİ SİMYA KOLEJİ ANAOKULU,28,78263,DEFNE SU TARHAN,49558358850,29.03.2021,16.01.2026 00:00,2026 - 2027 Eğitim-Öğretim,,Yemek,Yemek,1,,,Eğitim Alacak,80000,34284,0,0,0,45716,11429,34287,,,,,İç,,,16.01.2026,,,
Mac Eğitim Kurumları,ÖZEL KAYSERİ SİMYA KOLEJİ ANAOKULU,29,78264,MİLAT GÖKSU,26714119944,08.07.2023,16.01.2026 00:00,2026 - 2027 Eğitim-Öğretim,,Yemek,Yemek,1,,,Eğitim Alacak,80000,80000,0,0,0,0,0,0,,,,,İç,,,16.01.2026,,,
Mac Eğitim Kurumları,ÖZEL KAYSERİ SİMYA KOLEJİ ANAOKULU,30,78265,KAYLA ELSA KWAKYE,50674320096,30.01.2023,16.01.2026 00:00,2026 - 2027 Eğitim-Öğretim,,Yemek,Yemek,1,,,Eğitim Alacak,80000,21071,0,0,0,58929,0,58929,,,,,İç,,,16.01.2026,,,
Mac Eğitim Kurumları,ÖZEL KAYSERİ SİMYA KOLEJİ ANAOKULU,20,78255,NEHİR ELA ŞAHİN,35594387688,14.02.2022,13.01.2026 00:00,2026 - 2027 Eğitim-Öğretim,,Yemek,Yemek,1,,,Eğitim Alacak,80000,80000,0,0,0,0,0,0,,,,,İç,,,13.01.2026,,,
Mac Eğitim Kurumları,ÖZEL KAYSERİ SİMYA KOLEJİ ANAOKULU,21,78256,ASİYE EJDER,26798111544,24.08.2022,14.01.2026 00:00,2026 - 2027 Eğitim-Öğretim,,Yemek,Yemek,1,,,Eğitim Alacak,80000,80000,0,0,0,0,0,0,,,,,Dış,,,14.01.2026,,,
Mac Eğitim Kurumları,ÖZEL KAYSERİ SİMYA KOLEJİ ANAOKULU,22,78257,RÜMEYSA DENİZ ATİZLER,15005506440,30.05.2022,14.01.2026 00:00,2026 - 2027 Eğitim-Öğretim,,Yemek,Yemek,1,,,Eğitim Alacak,80000,36920,0,0,0,43080,0,43080,,,,,İç,,,14.01.2026,,,
Mac Eğitim Kurumları,ÖZEL KAYSERİ SİMYA KOLEJİ ANAOKULU,23,78258,AYBARS KÖSEOĞLU,40795442296,28.02.2023,15.01.2026 00:00,2026 - 2027 Eğitim-Öğretim,,Yemek,Yemek,1,,,Eğitim Alacak,80000,80000,0,0,0,0,0,0,,,,,İç,,,15.01.2026,,,
Mac Eğitim Kurumları,ÖZEL KAYSERİ SİMYA KOLEJİ ANAOKULU,24,78259,EFNAN MEYRA BAŞTÜRK,18467393832,10.03.2023,15.01.2026 00:00,2026 - 2027 Eğitim-Öğretim,,Yemek,Yemek,1,,,Eğitim Alacak,84000,62400,0,0,0,21600,10800,10800,,,,,İç,,,15.01.2026,,,
Mac Eğitim Kurumları,ÖZEL KAYSERİ SİMYA KOLEJİ ANAOKULU,18,78253,ÖYKÜ ÖZER,26522125892,19.05.2023,10.01.2026 00:00,2026 - 2027 Eğitim-Öğretim,,Yemek,Yemek,1,,,Eğitim Alacak,80000,80000,0,0,0,0,0,0,,,,,İç,,,10.01.2026,,,
Mac Eğitim Kurumları,ÖZEL KAYSERİ SİMYA KOLEJİ ANAOKULU,83,78244,MUHAMMED ALPARSLAN GENCER,30491000906,15.07.2022,03.01.2026 00:00,2026 - 2027 Eğitim-Öğretim,,Yemek,Yemek,1,,,Eğitim Alacak,80000,80000,0,0,0,0,0,0,,,,,İç,,,03.01.2026,,,
Mac Eğitim Kurumları,ÖZEL KAYSERİ SİMYA KOLEJİ ANAOKULU,9,78245,ZİYA EREN ÖZPOLAT,35680817334,26.05.2022,04.01.2026 00:00,2026 - 2027 Eğitim-Öğretim,,Yemek,Yemek,1,,,Eğitim Alacak,80000,80000,0,0,0,0,0,0,,,,,İç,,,04.01.2026,,,
Mac Eğitim Kurumları,ÖZEL KAYSERİ SİMYA KOLEJİ ANAOKULU,10,78246,ZEYNEP SARE AYAZ,21083306148,02.03.2022,04.01.2026 00:00,2026 - 2027 Eğitim-Öğretim,,Yemek,Yemek,1,,,Eğitim Alacak,80000,62204,0,0,0,17796,0,17796,,,,,İç,,,04.01.2026,,,
Mac Eğitim Kurumları,ÖZEL KAYSERİ SİMYA KOLEJİ ANAOKULU,11,78247,ELA ORMAN,24688391618,16.01.2022,04.01.2026 00:00,2026 - 2027 Eğitim-Öğretim,,Yemek,Yemek,1,,,Eğitim Alacak,80000,80000,0,0,0,0,0,0,,,,,İç,,,04.01.2026,,,
Mac Eğitim Kurumları,ÖZEL KAYSERİ SİMYA KOLEJİ ANAOKULU,12,78248,YUSUF ARAS DOĞAN,36232798224,07.02.2022,05.01.2026 00:00,2026 - 2027 Eğitim-Öğretim,,Yemek,Yemek,1,,,Eğitim Alacak,80000,9000,0,0,0,71000,0,71000,,,,,İç,,,05.01.2026,,,
Mac Eğitim Kurumları,ÖZEL KAYSERİ SİMYA KOLEJİ ANAOKULU,6,78317,ELVİN GÖKCAN,52549253768,02.01.2023,03.01.2026 00:00,2026 - 2027 Eğitim-Öğretim,,Yayın-Kırtasiye,Yayın - Kırtasiye,1,,,Eğitim Alacak,70000,21000,0,0,0,49000,0,49000,,,,,Dış,,,03.01.2026,,,
Mac Eğitim Kurumları,ÖZEL KAYSERİ SİMYA KOLEJİ ANAOKULU,21,78318,ASİYE EJDER,26798111544,24.08.2022,14.01.2026 00:00,2026 - 2027 Eğitim-Öğretim,,Yayın-Kırtasiye,Yayın - Kırtasiye,1,,,Eğitim Alacak,60000,60000,0,0,0,0,0,0,,,,,Dış,,,14.01.2026,,,
Mac Eğitim Kurumları,ÖZEL KAYSERİ SİMYA KOLEJİ ANAOKULU,30,78319,KAYLA ELSA KWAKYE,50674320096,30.01.2023,16.01.2026 00:00,2026 - 2027 Eğitim-Öğretim,,Yayın-Kırtasiye,Yayın - Kırtasiye,1,,,Eğitim Alacak,60000,16784,0,0,0,43216,0,43216,,,,,İç,,,16.01.2026,,,
Mac Eğitim Kurumları,ÖZEL KAYSERİ SİMYA KOLEJİ ANAOKULU,39,78320,ARAS PAPAK,13100580648,21.07.2022,21.01.2026 00:00,2026 - 2027 Eğitim-Öğretim,,Yayın-Kırtasiye,Yayın - Kırtasiye,1,,,Eğitim Alacak,38000,7600,0,0,0,30400,0,30400,,,,,İç,,,21.01.2026,,,
Mac Eğitim Kurumları,ÖZEL KAYSERİ SİMYA KOLEJİ ANAOKULU,44,78321,TAHA BOSTANCI,52708252168,23.06.2021,23.01.2026 00:00,2026 - 2027 Eğitim-Öğretim,,Yayın-Kırtasiye,Yayın - Kırtasiye,1,,,Eğitim Alacak,38000,4000,0,0,0,34000,4000,30000,,,,,İç,,,23.01.2026,,,
Mac Eğitim Kurumları,ÖZEL KAYSERİ SİMYA KOLEJİ ANAOKULU,45,78322,ZÜMRA BOSTANCI,59659022154,08.11.2022,23.01.2026 00:00,2026 - 2027 Eğitim-Öğretim,,Yayın-Kırtasiye,Yayın - Kırtasiye,1,,,Eğitim Alacak,38000,2000,0,0,0,36000,6000,30000,,,,,İç,,,23.01.2026,,,
Mac Eğitim Kurumları,ÖZEL KAYSERİ SİMYA KOLEJİ ANAOKULU,236,94560,ASİLHAN DİNÇER,48037405382,23.01.2024,01.10.2026 11:48,2026 - 2027 Eğitim-Öğretim,,Yayın-Kırtasiye,Yayın - Kırtasiye,1,,,Eğitim Alacak,65000,36562.5,0,0,0,28437.5,0,28437.5,,,,AKİF SANCAK,Dış,,,01.10.2026,,,
Mac Eğitim Kurumları,ÖZEL KAYSERİ SİMYA KOLEJİ ANAOKULU,238,94826,ERDAL KÜRŞAT ŞAHİN,55693153816,06.11.2021,03.10.2026 00:00,2026 - 2027 Eğitim-Öğretim,,Yayın-Kırtasiye,Yayın - Kırtasiye,1,,,Eğitim Alacak,65000,5107.14,0,0,0,59892.86,0,59892.86,,DUYGU KÖSE,DUYGU KÖSE,DUYGU KÖSE,Dış,,,03.10.2026,,,
Mac Eğitim Kurumları,ÖZEL KAYSERİ SİMYA KOLEJİ ANAOKULU,105,93065,ASYA KIZILGÜL,59983010612,11.10.2021,15.09.2026 10:14,2026 - 2027 Eğitim-Öğretim,,Yayın-Kırtasiye,Yayın - Kırtasiye,1,,,Eğitim Alacak,65000,4049.84,0,0,0,60950.16,1012.46,59937.7,,,,AKİF SANCAK,İç,,,15.09.2026,,,
Mac Eğitim Kurumları,ÖZEL KAYSERİ SİMYA KOLEJİ ANAOKULU,235,93383,HAFSA BOZKURT,31097191494,03.03.2023,18.09.2026 00:00,2026 - 2027 Eğitim-Öğretim,,Yayın-Kırtasiye,Yayın - Kırtasiye,1,,,Eğitim Alacak,65000,6018.52,0,0,0,58981.48,0,58981.48,,DUYGU KÖSE,DUYGU KÖSE,DUYGU KÖSE,Dış,,,18.09.2026,,,
Mac Eğitim Kurumları,ÖZEL KAYSERİ SİMYA KOLEJİ ANAOKULU,237,94185,ARHAN ZENGER,41440629314,01.09.2023,26.09.2026 00:00,2026 - 2027 Eğitim-Öğretim,,Yayın-Kırtasiye,Yayın - Kırtasiye,1,,,Eğitim Alacak,58500,0,0,0,0,58500,58500,0,,,,AKİF SANCAK,Dış,,,26.09.2026,,,
Mac Eğitim Kurumları,ÖZEL KAYSERİ SİMYA KOLEJİ ANAOKULU,48,94318,GÖKÇE USTA,17285434420,21.12.2021,28.09.2026 00:00,2026 - 2027 Eğitim-Öğretim,,Yayın-Kırtasiye,Yayın - Kırtasiye,1,,,Eğitim Alacak,65000,0,0,0,0,65000,0,65000,,DUYGU KÖSE,DUYGU KÖSE,DUYGU KÖSE,İç,,,28.09.2026,,,
Mac Eğitim Kurumları,ÖZEL KAYSERİ SİMYA KOLEJİ ANAOKULU,26,92495,DENİZ DORUK GÜRBÜZ,30685754738,16.04.2022,10.09.2026 13:14,2026 - 2027 Eğitim-Öğretim,,Yayın-Kırtasiye,Yayın - Kırtasiye,1,,,Eğitim Alacak,65000,0,0,0,0,65000,5416.67,59583.33,,,,MUHAMMED ALİ ÇAĞIR,İç,,,10.09.2026,,,
Mac Eğitim Kurumları,ÖZEL KAYSERİ SİMYA KOLEJİ ANAOKULU,231,92726,İDİL UMAY YAZICI,43975543752,04.03.2024,12.09.2026 00:00,2026 - 2027 Eğitim-Öğretim,,Yayın-Kırtasiye,Yayın - Kırtasiye,1,,,Eğitim Alacak,65000,5200,0,0,0,59800,36400,23400,,,,MUHAMMED ALİ ÇAĞIR,Dış,,,12.09.2026,,,
Mac Eğitim Kurumları,ÖZEL KAYSERİ SİMYA KOLEJİ ANAOKULU,230,92727,ALMİLA ASYA YAZICI,44095539762,04.03.2024,12.09.2026 13:40,2026 - 2027 Eğitim-Öğretim,,Yayın-Kırtasiye,Yayın - Kırtasiye,1,,,Eğitim Alacak,65000,41600,0,0,0,23400,0,23400,,,,MUHAMMED ALİ ÇAĞIR,Dış,,,12.09.2026,,,
Mac Eğitim Kurumları,ÖZEL KAYSERİ SİMYA KOLEJİ ANAOKULU,232,92738,CEYLİN HAVA İLBAY,47206432716,22.11.2023,12.09.2026 00:00,2026 - 2027 Eğitim-Öğretim,,Yayın-Kırtasiye,Yayın - Kırtasiye,1,,,Eğitim Alacak,65000,5416.67,0,0,0,59583.33,0,59583.33,,DUYGU KÖSE,DUYGU KÖSE,DUYGU KÖSE,Dış,,,12.09.2026,,,
Mac Eğitim Kurumları,ÖZEL KAYSERİ SİMYA KOLEJİ ANAOKULU,234,92936,YEKTA TURAN,21770279724,16.02.2021,14.09.2026 09:29,2026 - 2027 Eğitim-Öğretim,,Yayın-Kırtasiye,Yayın - Kırtasiye,1,,,Eğitim Alacak,58500,58500,0,0,0,0,0,0,,,,AKİF SANCAK,Dış,,,14.09.2026,,,
Mac Eğitim Kurumları,ÖZEL KAYSERİ SİMYA KOLEJİ ANAOKULU,225,91583,BUĞRA KÖYLÜ,T6824269077,29.09.2021,03.09.2026 00:00,2026 - 2027 Eğitim-Öğretim,,Yayın-Kırtasiye,Yayın - Kırtasiye,1,,,Eğitim Alacak,65000,0,0,0,0,65000,0,65000,,DUYGU KÖSE,DUYGU KÖSE,DUYGU KÖSE,Dış,,,03.09.2026,,,
Mac Eğitim Kurumları,ÖZEL KAYSERİ SİMYA KOLEJİ ANAOKULU,226,91815,ULU KAAN ALÇAM,54196203516,20.05.2023,05.09.2026 00:00,2026 - 2027 Eğitim-Öğretim,,Yayın-Kırtasiye,Yayın - Kırtasiye,1,,,Eğitim Alacak,65000,5416.67,0,0,0,59583.33,7583.33,52000,,DUYGU KÖSE,DUYGU KÖSE,DUYGU KÖSE,Dış,,,05.09.2026,,,
Mac Eğitim Kurumları,ÖZEL KAYSERİ SİMYA KOLEJİ ANAOKULU,227,91956,YUSUF EGE DUYMAZ,26620129198,10.11.2020,07.09.2026 13:45,2026 - 2027 Eğitim-Öğretim,,Yayın-Kırtasiye,Yayın - Kırtasiye,1,,,Eğitim Alacak,65000,13000,0,0,0,52000,7800,44200,,,,DUYGU KÖSE,Dış,,,07.09.2026,,,
Mac Eğitim Kurumları,ÖZEL KAYSERİ SİMYA KOLEJİ ANAOKULU,193,92143,DENİZ ÖZBEK,48901954336,10.11.2021,08.09.2026 11:44,2026 - 2027 Eğitim-Öğretim,,Yayın-Kırtasiye,Yayın - Kırtasiye,1,,,Eğitim Alacak,65000,6500,0,0,0,58500,0,58500,,,,AKİF SANCAK,İç,,,08.09.2026,,,
Mac Eğitim Kurumları,ÖZEL KAYSERİ SİMYA KOLEJİ ANAOKULU,229,92255,ALMİRA ÖTENKAYA,44428524250,15.05.2023,08.09.2026 00:00,2026 - 2027 Eğitim-Öğretim,,Yayın-Kırtasiye,Yayın - Kırtasiye,1,,,Eğitim Alacak,65000,4482.76,0,0,0,60517.24,0,60517.24,,DUYGU KÖSE,DUYGU KÖSE,DUYGU KÖSE,Dış,,,08.09.2026,,,
Mac Eğitim Kurumları,ÖZEL KAYSERİ SİMYA KOLEJİ ANAOKULU,220,90937,DURU ADA ÖZDEMİR,34105332056,12.12.2022,29.08.2026 00:00,2026 - 2027 Eğitim-Öğretim,,Yayın-Kırtasiye,Yayın - Kırtasiye,1,,,Eğitim Alacak,65000,6500,0,0,0,58500,0,58500,,,,AKİF SANCAK,Dış,,,29.08.2026,,,
Mac Eğitim Kurumları,ÖZEL KAYSERİ SİMYA KOLEJİ ANAOKULU,221,91105,GÜLSEREN PATIROĞLU,24185199908,08.06.2021,31.08.2026 00:00,2026 - 2027 Eğitim-Öğretim,,Yayın-Kırtasiye,Yayın - Kırtasiye,1,,,Eğitim Alacak,65000,16250,0,0,0,48750,0,48750,,,,AKİF SANCAK,Dış,,,31.08.2026,,,
Mac Eğitim Kurumları,ÖZEL KAYSERİ SİMYA KOLEJİ ANAOKULU,222,91180,YİĞİT HAMZA SARI,54619767588,19.03.2023,31.08.2026 00:00,2026 - 2027 Eğitim-Öğretim,,Yayın-Kırtasiye,Yayın - Kırtasiye,1,,,Eğitim Alacak,65000,7844.83,0,0,0,57155.17,0,57155.17,,,,AKİF SANCAK,Dış,,,31.08.2026,,,
Mac Eğitim Kurumları,ÖZEL KAYSERİ SİMYA KOLEJİ ANAOKULU,224,91581,ELİF ALTUNER,25448160550,29.05.2021,03.09.2026 00:00,2026 - 2027 Eğitim-Öğretim,,Yayın-Kırtasiye,Yayın - Kırtasiye,1,,,Eğitim Alacak,65000,5200,0,0,0,59800,0,59800,,DUYGU KÖSE,DUYGU KÖSE,DUYGU KÖSE,Dış,,,03.09.2026,,,
Mac Eğitim Kurumları,ÖZEL KAYSERİ SİMYA KOLEJİ ANAOKULU,55,88718,AZRA GÖLCÜ,50263333858,19.04.2022,22.08.2026 17:24,2026 - 2027 Eğitim-Öğretim,,Yayın-Kırtasiye,Yayın - Kırtasiye,1,,,Eğitim Alacak,65000,275,0,0,0,64725,0,64725,,,,AKİF SANCAK,İç,,,22.08.2026,,,
Mac Eğitim Kurumları,ÖZEL KAYSERİ SİMYA KOLEJİ ANAOKULU,217,90349,MEHMET GÜNEŞ,25661155180,06.10.2022,25.08.2026 00:00,2026 - 2027 Eğitim-Öğretim,,Yayın-Kırtasiye,Yayın - Kırtasiye,1,,,Eğitim Alacak,65000,32500,0,0,0,32500,0,32500,,DUYGU KÖSE,DUYGU KÖSE,DUYGU KÖSE,Dış,,,25.08.2026,,,
Mac Eğitim Kurumları,ÖZEL KAYSERİ SİMYA KOLEJİ ANAOKULU,204,90661,BENGÜ BAYRAM,40138670874,07.11.2023,26.08.2026 17:18,2026 - 2027 Eğitim-Öğretim,,Yayın-Kırtasiye,Yayın - Kırtasiye,1,,,Eğitim Alacak,65000,0,0,0,0,65000,0,65000,,DUYGU KÖSE,DUYGU KÖSE,DUYGU KÖSE,İç,,,26.08.2026,,,
Mac Eğitim Kurumları,ÖZEL KAYSERİ SİMYA KOLEJİ ANAOKULU,174,90784,NİHAL ELİZ OYMAKAPU,19589357344,13.09.2022,28.08.2026 13:56,2026 - 2027 Eğitim-Öğretim,,Yayın-Kırtasiye,Yayın - Kırtasiye,1,,,Eğitim Alacak,65000,48360,0,0,0,16640,0,16640,,DUYGU KÖSE,DUYGU KÖSE,DUYGU KÖSE,İç,,,28.08.2026,,,
Mac Eğitim Kurumları,ÖZEL KAYSERİ SİMYA KOLEJİ ANAOKULU,212,88287,YUSUF EYMEN YÖNTEM,59902013526,03.11.2021,17.08.2026 00:00,2026 - 2027 Eğitim-Öğretim,,Yayın-Kırtasiye,Yayın - Kırtasiye,1,,,Eğitim Alacak,65000,9719.63,0,0,0,55280.37,0,55280.37,,DUYGU KÖSE,DUYGU KÖSE,DUYGU KÖSE,Dış,,,17.08.2026,,,
Mac Eğitim Kurumları,ÖZEL KAYSERİ SİMYA KOLEJİ ANAOKULU,213,88320,YALÇIN KEÇECİ,16871447288,07.04.2023,17.08.2026 00:00,2026 - 2027 Eğitim-Öğretim,,Yayın-Kırtasiye,Yayın - Kırtasiye,1,,,Eğitim Alacak,65000,13000,0,0,0,52000,0,52000,,DUYGU KÖSE,DUYGU KÖSE,DUYGU KÖSE,Dış,,,17.08.2026,,,
Mac Eğitim Kurumları,ÖZEL KAYSERİ SİMYA KOLEJİ ANAOKULU,178,88489,ZEYNEP ÇERÇİ,48187404488,27.10.2022,20.08.2026 09:15,2026 - 2027 Eğitim-Öğretim,,Yayın-Kırtasiye,Yayın - Kırtasiye,1,,,Eğitim Alacak,65000,9966.67,0,0,0,55033.33,0,55033.33,,,,DUYGU KÖSE,İç,,,20.08.2026,,,
Mac Eğitim Kurumları,ÖZEL KAYSERİ SİMYA KOLEJİ ANAOKULU,214,88709,NAZ KASIMOĞLU,36238801652,27.03.2023,22.08.2026 00:00,2026 - 2027 Eğitim-Öğretim,,Yayın-Kırtasiye,Yayın - Kırtasiye,1,,,Eğitim Alacak,65000,24965.91,0,0,0,40034.09,0,40034.09,,,,AKİF SANCAK,Dış,,,22.08.2026,,,
Mac Eğitim Kurumları,ÖZEL KAYSERİ SİMYA KOLEJİ ANAOKULU,215,88712,DURU KASIMOĞLU,36733785136,27.03.2023,22.08.2026 00:00,2026 - 2027 Eğitim-Öğretim,,Yayın-Kırtasiye,Yayın - Kırtasiye,1,,,Eğitim Alacak,65000,24965.91,0,0,0,40034.09,0,40034.09,,,,AKİF SANCAK,Dış,,,22.08.2026,,,
Mac Eğitim Kurumları,ÖZEL KAYSERİ SİMYA KOLEJİ ANAOKULU,216,88715,ARAS KASIMOĞLU,36928778684,27.03.2023,22.08.2026 00:00,2026 - 2027 Eğitim-Öğretim,,Yayın-Kırtasiye,Yayın - Kırtasiye,1,,,Eğitim Alacak,65000,24965.91,0,0,0,40034.09,0,40034.09,,,,AKİF SANCAK,Dış,,,22.08.2026,,,
Mac Eğitim Kurumları,ÖZEL KAYSERİ SİMYA KOLEJİ ANAOKULU,85,88224,MİRAÇ YUSUF ÖZBAŞ,18236397368,12.01.2021,17.08.2026 11:54,2026 - 2027 Eğitim-Öğretim,,Yayın-Kırtasiye,Yayın - Kırtasiye,1,,,Eğitim Alacak,65000,0,0,0,0,65000,65000,0,,,,AKİF SANCAK,İç,,,17.08.2026,,,
Mac Eğitim Kurumları,ÖZEL KAYSERİ SİMYA KOLEJİ ANAOKULU,9,88225,ZİYA EREN ÖZPOLAT,35680817334,26.05.2022,17.08.2026 11:55,2026 - 2027 Eğitim-Öğretim,,Yayın-Kırtasiye,Yayın - Kırtasiye,1,,,Eğitim Alacak,58500,58500,0,0,0,0,0,0,,,,AKİF SANCAK,İç,,,17.08.2026,,,
Mac Eğitim Kurumları,ÖZEL KAYSERİ SİMYA KOLEJİ ANAOKULU,24,88238,EFNAN MEYRA BAŞTÜRK,18467393832,10.03.2023,17.08.2026 13:10,2026 - 2027 Eğitim-Öğretim,,Yayın-Kırtasiye,Yayın - Kırtasiye,1,,,Eğitim Alacak,58500,58500,0,0,0,0,0,0,,,,AKİF SANCAK,İç,,,17.08.2026,,,
Mac Eğitim Kurumları,ÖZEL KAYSERİ SİMYA KOLEJİ ANAOKULU,28,88239,DEFNE SU TARHAN,49558358850,29.03.2021,17.08.2026 13:11,2026 - 2027 Eğitim-Öğretim,,Yayın-Kırtasiye,Yayın - Kırtasiye,1,,,Eğitim Alacak,53000,53000,0,0,0,0,0,0,,,,AKİF SANCAK,İç,,,17.08.2026,,,
Mac Eğitim Kurumları,ÖZEL KAYSERİ SİMYA KOLEJİ ANAOKULU,65,88240,UMAY ELA CÖMERT,44038857380,07.09.2022,17.08.2026 13:12,2026 - 2027 Eğitim-Öğretim,,Yayın-Kırtasiye,Yayın - Kırtasiye,1,,,Eğitim Alacak,58500,58500,0,0,0,0,0,0,,,,AKİF SANCAK,İç,,,17.08.2026,,,
Mac Eğitim Kurumları,ÖZEL KAYSERİ SİMYA KOLEJİ ANAOKULU,64,88215,MASAL TOLU,38482726774,22.05.2022,17.08.2026 11:47,2026 - 2027 Eğitim-Öğretim,,Yayın-Kırtasiye,Yayın - Kırtasiye,1,,,Eğitim Alacak,65000,0,0,0,0,65000,0,65000,,,,AKİF SANCAK,İç,,,17.08.2026,,,
Mac Eğitim Kurumları,ÖZEL KAYSERİ SİMYA KOLEJİ ANAOKULU,164,88223,ASAF ALİ NALBANTOĞLU,49072371182,01.07.2022,17.08.2026 11:53,2026 - 2027 Eğitim-Öğretim,,Yayın-Kırtasiye,Yayın - Kırtasiye,1,,,Eğitim Alacak,65000,0,0,0,0,65000,65000,0,,,,AKİF SANCAK,İç,,,17.08.2026,,,
Mac Eğitim Kurumları,ÖZEL KAYSERİ SİMYA KOLEJİ ANAOKULU,22,87325,RÜMEYSA DENİZ ATİZLER,15005506440,30.05.2022,07.08.2026 14:29,2026 - 2027 Eğitim-Öğretim,,Yayın-Kırtasiye,Yayın - Kırtasiye,1,,,Eğitim Alacak,50000,50000,0,0,0,0,0,0,,,,AKİF SANCAK,İç,,,07.08.2026,,,
Mac Eğitim Kurumları,ÖZEL KAYSERİ SİMYA KOLEJİ ANAOKULU,36,87370,KIVANÇ DEMİRKAN,13293129358,16.07.2022,08.08.2026 10:26,2026 - 2027 Eğitim-Öğretim,,Yayın-Kırtasiye,Yayın - Kırtasiye,1,,,Eğitim Alacak,65000,10840,0,0,0,54160,0,54160,,,,AKİF SANCAK,İç,,,08.08.2026,,,
Mac Eğitim Kurumları,ÖZEL KAYSERİ SİMYA KOLEJİ ANAOKULU,209,87747,ALYA ÖZAL,55195169056,12.12.2022,12.08.2026 00:00,2026 - 2027 Eğitim-Öğretim,,Yayın-Kırtasiye,Yayın - Kırtasiye,1,,,Eğitim Alacak,65000,65000,0,0,0,0,0,0,,DUYGU KÖSE,DUYGU KÖSE,DUYGU KÖSE,Dış,,,12.08.2026,,,
Mac Eğitim Kurumları,ÖZEL KAYSERİ SİMYA KOLEJİ ANAOKULU,210,88141,MİRA ALYA MİLLET,27731086318,24.10.2022,15.08.2026 00:00,2026 - 2027 Eğitim-Öğretim,,Yayın-Kırtasiye,Yayın - Kırtasiye,1,,,Eğitim Alacak,61750,9533.34,0,0,0,52216.66,0,52216.66,,DUYGU KÖSE,DUYGU KÖSE,DUYGU KÖSE,Dış,,,15.08.2026,,,
Mac Eğitim Kurumları,ÖZEL KAYSERİ SİMYA KOLEJİ ANAOKULU,211,88145,ARYA SULTAN MİLLET,27941079346,24.10.2022,15.08.2026 00:00,2026 - 2027 Eğitim-Öğretim,,Yayın-Kırtasiye,Yayın - Kırtasiye,1,,,Eğitim Alacak,61750,9533.33,0,0,0,52216.67,0,52216.67,,DUYGU KÖSE,DUYGU KÖSE,DUYGU KÖSE,Dış,,,15.08.2026,,,
Mac Eğitim Kurumları,ÖZEL KAYSERİ SİMYA KOLEJİ ANAOKULU,35,88211,GÜNEŞ KÖKEN,53953219142,22.11.2021,17.08.2026 11:32,2026 - 2027 Eğitim-Öğretim,,Yayın-Kırtasiye,Yayın - Kırtasiye,1,,,Eğitim Alacak,58500,58500,0,0,0,0,0,0,,,,AKİF SANCAK,İç,,,17.08.2026,,,
Mac Eğitim Kurumları,ÖZEL KAYSERİ SİMYA KOLEJİ ANAOKULU,206,87138,İLAY KÜÇÜKYAZI,58762050924,11.04.2023,04.08.2026 00:00,2026 - 2027 Eğitim-Öğretim,,Yayın-Kırtasiye,Yayın - Kırtasiye,1,,,Eğitim Alacak,65000,65000,0,0,0,0,0,0,,DUYGU KÖSE,DUYGU KÖSE,DUYGU KÖSE,Dış,,,04.08.2026,,,
Mac Eğitim Kurumları,ÖZEL KAYSERİ SİMYA KOLEJİ ANAOKULU,69,87151,LİDYA YENİCE,55639150138,25.02.2023,04.08.2026 17:24,2026 - 2027 Eğitim-Öğretim,,Yayın-Kırtasiye,Yayın - Kırtasiye,1,,,Eğitim Alacak,65000,10000,0,0,0,55000,0,55000,,,,EMRE HELVACI,İç,,,04.08.2026,,,
Mac Eğitim Kurumları,ÖZEL KAYSERİ SİMYA KOLEJİ ANAOKULU,47,87170,ASEL LİNA ÇELİK,49465360670,21.05.2022,05.08.2026 11:16,2026 - 2027 Eğitim-Öğretim,,Yayın-Kırtasiye,Yayın - Kırtasiye,1,,,Eğitim Alacak,65000,0,0,0,0,65000,65000,0,,,,AKİF SANCAK,İç,,,05.08.2026,,,
Mac Eğitim Kurumları,ÖZEL KAYSERİ SİMYA KOLEJİ ANAOKULU,38,87172,UFUK KAYRA AYTAŞ,59128039096,21.12.2020,05.08.2026 11:18,2026 - 2027 Eğitim-Öğretim,,Yayın-Kırtasiye,Yayın - Kırtasiye,1,,,Eğitim Alacak,65000,0,0,0,0,65000,65000,0,,,,AKİF SANCAK,İç,,,05.08.2026,,,
Mac Eğitim Kurumları,ÖZEL KAYSERİ SİMYA KOLEJİ ANAOKULU,29,87227,MİLAT GÖKSU,26714119944,08.07.2023,05.08.2026 18:54,2026 - 2027 Eğitim-Öğretim,,Yayın-Kırtasiye,Yayın - Kırtasiye,1,,,Eğitim Alacak,50000,50000,0,0,0,0,0,0,,,,AKİF SANCAK,İç,,,05.08.2026,,,
Mac Eğitim Kurumları,ÖZEL KAYSERİ SİMYA KOLEJİ ANAOKULU,207,87309,ALPARSLAN DİRİM,57334098098,02.01.2024,07.08.2026 00:00,2026 - 2027 Eğitim-Öğretim,,Yayın-Kırtasiye,Yayın - Kırtasiye,1,,,Eğitim Alacak,20000,20000,0,0,0,0,0,0,,DUYGU KÖSE,DUYGU KÖSE,DUYGU KÖSE,Dış,,,07.08.2026,,,
Mac Eğitim Kurumları,ÖZEL KAYSERİ SİMYA KOLEJİ ANAOKULU,67,86934,YİĞİT ALİ BENLİ,22757247804,22.04.2022,01.08.2026 13:20,2026 - 2027 Eğitim-Öğretim,,Yayın-Kırtasiye,Yayın - Kırtasiye,1,,,Eğitim Alacak,58500,58500,0,0,0,0,0,0,,,,EMRE HELVACI,İç,,,01.08.2026,,,
Mac Eğitim Kurumları,ÖZEL KAYSERİ SİMYA KOLEJİ ANAOKULU,71,86952,BİGE KIRBOZ,33898876068,09.02.2022,01.08.2026 14:23,2026 - 2027 Eğitim-Öğretim,,Yayın-Kırtasiye,Yayın - Kırtasiye,1,,,Eğitim Alacak,53500,53500,0,0,0,0,0,0,,,,AKİF SANCAK,İç,,,01.08.2026,,,
Mac Eğitim Kurumları,ÖZEL KAYSERİ SİMYA KOLEJİ ANAOKULU,202,86991,TUANA SÖZDUYAR,37324766480,16.10.2022,01.08.2026 00:00,2026 - 2027 Eğitim-Ö7-Öğretim,,Yayın-Kırtasiye,Yayın - Kırtasiye,1,,,Eğitim Alacak,65000,9966.67,0,0,0,55033.33,0,55033.33,,DUYGU KÖSE,DUYGU KÖSE,DUYGU KÖSE,Dış,,,01.08.2026,,,
Mac Eğitim Kurumları,ÖZEL KAYSERİ SİMYA KOLEJİ ANAOKULU,17,87083,KEMAL BATUR DANACI,35572820282,25.05.2021,03.08.2026 17:56,2026 - 2027 Eğitim-Öğretim,,Yayın-Kırtasiye,Yayın - Kırtasiye,1,,,Eğitim Alacak,58500,52650,0,5850,0,0,0,0,,,,EMRE HELVACI,İç,,,03.08.2026,,,
Mac Eğitim Kurumları,ÖZEL KAYSERİ SİMYA KOLEJİ ANAOKULU,32,87084,YUSUF ARDEN AKKUŞ,55486159384,17.02.2022,03.08.2026 18:07,2026 - 2027 Eğitim-Öğretim,,Yayın-Kırtasiye,Yayın - Kırtasiye,1,,,Eğitim Alacak,50000,50000,0,0,0,0,0,0,,,,EMRE HELVACI,İç,,,03.08.2026,,,
Mac Eğitim Kurumları,ÖZEL KAYSERİ SİMYA KOLEJİ ANAOKULU,205,87123,ALPEREN KANTAR,59752017804,29.10.2020,04.08.2026 00:00,2026 - 2027 Eğitim-Öğretim,,Yayın-Kırtasiye,Yayın - Kırtasiye,1,,,Eğitim Alacak,58500,58500,0,0,0,0,0,0,,,,EMRE HELVACI,Dış,,,04.08.2026,,,
Mac Eğitim Kurumları,ÖZEL KAYSERİ SİMYA KOLEJİ ANAOKULU,23,86590,AYBARS KÖSEOĞLU,40795442296,28.02.2023,28.07.2026 13:55,2026 - 2027 Eğitim-Öğretim,,Yayın-Kırtasiye,Yayın - Kırtasiye,1,,,Eğitim Alacak,50000,40000,0,10000,0,0,0,0,,,,EMRE HELVACI,İç,,,28.07.2026,,,
Mac Eğitim Kurumları,ÖZEL KAYSERİ SİMYA KOLEJİ ANAOKULU,198,86630,GÖKTUĞ CEYHAN,20294896370,15.01.2023,28.07.2026 18:01,2026 - 2027 Eğitim-Öğretim,,Yayın-Kırtasiye,Yayın - Kırtasiye,1,,,Eğitim Alacak,58500,58500,0,0,0,0,0,0,,,,EMRE HELVACI,Dış,,,28.07.2026,,,
Mac Eğitim Kurumları,ÖZEL KAYSERİ SİMYA KOLEJİ ANAOKULU,62,86645,AYBARS EYMEN ATAR,31747948508,14.03.2024,29.07.2026 10:12,2026 - 2027 Eğitim-Öğretim,,Yayın-Kırtasiye,Yayın - Kırtasiye,1,,,Eğitim Alacak,55000,55000,0,0,0,0,0,0,,,,DUYGU KÖSE,İç,,,29.07.2026,,,
Mac Eğitim Kurumları,ÖZEL KAYSERİ SİMYA KOLEJİ ANAOKULU,1,86723,EYMEN ALP ÇAĞIR,36391804712,02.09.2020,30.07.2026 13:12,2026 - 2027 Eğitim-Öğretim,,Yayın-Kırtasiye,Yayın - Kırtasiye,1,,,Eğitim Alacak,0,0,0,0,0,0,0,0,,,,EMRE HELVACI,İç,,,30.07.2026,,,
Mac Eğitim Kurumları,ÖZEL KAYSERİ SİMYA KOLEJİ ANAOKULU,59,86777,YUSUF EMİR AYTEMUR,30838980830,05.12.2022,30.07.2026 17:52,2026 - 2027 Eğitim-Öğretim,,Yayın-Kırtasiye,Yayın - Kırtasiye,1,,,Eğitim Alacak,58500,58500,0,0,0,0,0,0,,,,AKİF SANCAK,İç,,,30.07.2026,,,
Mac Eğitim Kurumları,ÖZEL KAYSERİ SİMYA KOLEJİ ANAOKULU,4,86862,ASİL ASLAN AKGÜL,42826589970,16.12.2020,31.07.2026 16:13,2026 - 2027 Eğitim-Öğretim,,Yayın-Kırtasiye,Yayın - Kırtasiye,1,,,Eğitim Alacak,58500,58500,0,0,0,0,0,0,,,,EMRE HELVACI,İç,,,31.07.2026,,,
Mac Eğitim Kurumları,ÖZEL KAYSERİ SİMYA KOLEJİ ANAOKULU,181,86534,ILGAZ KEÇELİ,26249129982,03.10.2022,27.07.2026 15:46,2026 - 2027 Eğitim-Öğretim,,Yayın-Kırtasiye,Yayın - Kırtasiye,1,,,Eğitim Alacak,50000,25000,0,0,0,25000,25000,0,,,,EMRE HELVACI,İç,,,27.07.2026,,,
Mac Eğitim Kurumları,ÖZEL KAYSERİ SİMYA KOLEJİ ANAOKULU,152,86551,BUĞLEM TOY,15998472500,19.01.2022,27.07.2026 17:30,2026 - 2027 Eğitim-Öğretim,,Yayın-Kırtasiye,Yayın - Kırtasiye,1,,,Eğitim Alacak,58500,58500,0,0,0,0,0,0,,,,AKİF SANCAK,İç,,,27.07.2026,,,
Mac Eğitim Kurumları,ÖZEL KAYSERİ SİMYA KOLEJİ ANAOKULU,8,86569,SAKİNE SERRA SARIASLAN,38239735516,22.01.2021,28.07.2026 09:24,2026 - 2027 Eğitim-Öğretim,,Yayın-Kırtasiye,Yayın - Kırtasiye,1,,,Eğitim Alacak,65000,0,0,0,0,65000,0,65000,,,,EMRE HELVACI,İç,,,28.07.2026,,,
Mac Eğitim Kurumları,ÖZEL KAYSERİ SİMYA KOLEJİ ANAOKULU,57,86582,TUNA ALİ ÖZDEMİR,36065370246,07.06.2021,28.07.2026 12:17,2026 - 2027 Eğitim-Öğretim,,Yayın-Kırtasiye,Yayın - Kırtasiye,1,,,Eğitim Alacak,58500,58500,0,0,0,0,0,0,,,,EMRE HELVACI,İç,,,28.07.2026,,,
Mac Eğitim Kurumları,ÖZEL KAYSERİ SİMYA KOLEJİ ANAOKULU,72,86583,GÖRKEM SERİN,53302233034,08.04.2024,28.07.2026 12:18,2026 - 2027 Eğitim-Öğretim,,Yayın-Kırtasiye,Yayın - Kırtasiye,1,,,Eğitim Alacak,58500,58500,0,0,0,0,0,0,,,,EMRE HELVACI,İç,,,28.07.2026,,,
Mac Eğitim Kurumları,ÖZEL KAYSERİ SİMYA KOLEJİ ANAOKULU,43,86383,AKIN ÖZMEN,50779316222,21.02.2022,25.07.2026 13:54,2026 - 2027 Eğitim-Öğretim,,Yayın-Kırtasiye,Yayın - Kırtasiye,1,,,Eğitim Alacak,58500,58500,0,0,0,0,0,0,,,,EMRE HELVACI,İç,,,25.07.2026,,,
Mac Eğitim Kurumları,ÖZEL KAYSERİ SİMYA KOLEJİ ANAOKULU,63,86386,MERT ASAF GARİPOĞLU,40129671156,01.12.2022,25.07.2026 14:16,2026 - 2027 Eğitim-Öğretim,,Yayın-Kırtasiye,Yayın - Kırtasiye,1,,,Eğitim Alacak,65000,62700,0,0,0,2300,0,2300,,,,AKİF SANCAK,İç,,,25.07.2026,,,
Mac Eğitim Kurumları,ÖZEL KAYSERİ SİMYA KOLEJİ ANAOKULU,54,86389,DURU AKDEMİR,27410095952,09.06.2022,25.07.2026 14:39,2026 - 2027 Eğitim-Öğretim,,Yayın-Kırtasiye,Yayın - Kırtasiye,1,,,Eğitim Alacak,58500,58500,0,0,0,0,0,0,,,,EMRE HELVACI,İç,,,25.07.2026,,,
Mac Eğitim Kurumları,ÖZEL KAYSERİ SİMYA KOLEJİ ANAOKULU,11,86416,ELA ORMAN,24688391618,16.01.2022,25.07.2026 16:07,2026 - 2027 Eğitim-Öğretim,,Yayın-Kırtasiye,Yayın - Kırtasiye,1,,,Eğitim Alacak,58500,58500,0,0,0,0,0,0,,,,EMRE HELVACI,İç,,,25.07.2026,,,
Mac Eğitim Kurumları,ÖZEL KAYSERİ SİMYA KOLEJİ ANAOKULU,81,86418,METİN BERKAY ÖZSAVGA,26036142644,06.12.2021,25.07.2026 16:15,2026 - 2027 Eğitim-Öğretim,,Yayın-Kırtasiye,Yayın - Kırtasiye,1,,,Eğitim Alacak,65000,0,0,0,0,65000,11800,53200,,,,EMRE HELVACI,İç,,,25.07.2026,,,
Mac Eğitim Kurumları,ÖZEL KAYSERİ SİMYA KOLEJİ ANAOKULU,84,86505,YİĞİT CAN YAMAN,46384459744,10.05.2021,27.07.2026 12:16,2026 - 2027 Eğitim-Öğretim,,Yayın-Kırtasiye,Yayın - Kırtasiye,1,,,Eğitim Alacak,50000,50000,0,0,0,0,0,0,,,,EMRE HELVACI,İç,,,27.07.2026,,,
Mac Eğitim Kurumları,ÖZEL KAYSERİ SİMYA KOLEJİ ANAOKULU,66,86269,EFNAN ALPARSLAN,26948107120,26.06.2023,24.07.2026 10:44,2026 - 2027 Eğitim-Öğretim,,Yayın-Kırtasiye,Yayın - Kırtasiye,1,,,Eğitim Alacak,58500,58500,0,0,0,0,0,0,,,,AKİF SANCAK,İç,,,24.07.2026,,,
Mac Eğitim Kurumları,ÖZEL KAYSERİ SİMYA KOLEJİ ANAOKULU,162,86333,VERA MAMAK,37615750846,28.08.2022,24.07.2026 17:01,2026 - 2027 Eğitim-Öğretim,,Yayın-Kırtasiye,Yayın - Kırtasiye,1,,,Eğitim Alacak,58500,58500,0,0,0,0,0,0,,,,AKİF SANCAK,İç,,,24.07.2026,,,
Mac Eğitim Kurumları,ÖZEL KAYSERİ SİMYA KOLEJİ ANAOKULU,37,86340,GÖKÇE YENİEL,25382162818,28.02.2022,24.07.2026 17:33,2026 - 2027 Eğitim-Öğretim,,Yayın-Kırtasiye,Yayın - Kırtasiye,1,,,Eğitim Alacak,58500,58500,0,0,0,0,0,0,,,,AKİF SANCAK,İç,,,24.07.2026,,,
Mac Eğitim Kurumları,ÖZEL KAYSERİ SİMYA KOLEJİ ANAOKULU,40,86345,AYBARS TÜRKAY,52246263022,08.08.2022,24.07.2026 18:03,2026 - 2027 Eğitim-Öğretim,,Yayın-Kırtasiye,Yayın - Kırtasiye,1,,,Eğitim Alacak,65000,10840,0,0,0,54160,0,54160,,,,AKİF SANCAK,İç,,,24.07.2026,,,
Mac Eğitim Kurumları,ÖZEL KAYSERİ SİMYA KOLEJİ ANAOKULU,33,86346,NACİ DENİZ GUBAROĞLU,30194002986,09.05.2022,24.07.2026 18:09,2026 - 2027 Eğitim-Öğretim,,Yayın-Kırtasiye,Yayın - Kırtasiye,1,,,Eğitim Alacak,65000,11820,0,0,0,53180,0,53180,,,,AKİF SANCAK,İç,,,24.07.2026,,,
Mac Eğitim Kurumları,ÖZEL KAYSERİ SİMYA KOLEJİ ANAOKULU,51,86375,GÖKHAN ASLAN,38482727764,27.07.2023,25.07.2026 12:38,2026 - 2027 Eğitim-Öğretim,,Yayın-Kırtasiye,Yayın - Kırtasiye,1,,,Eğitim Alacak,65000,21680,0,0,0,43320,0,43320,,,,AKİF SANCAK,İç,,,25.07.2026,,,
Mac Eğitim Kurumları,ÖZEL KAYSERİ SİMYA KOLEJİ ANAOKULU,10,86199,ZEYNEP SARE AYAZ,21083306148,02.03.2022,22.07.2026 16:10,2026 - 2027 Eğitim-Öğretim,,Yayın-Kırtasiye,Yayın - Kırtasiye,1,,,Eğitim Alacak,58500,58500,0,0,0,0,0,0,,,,AKİF SANCAK,İç,,,22.07.2026,,,
Mac Eğitim Kurumları,ÖZEL KAYSERİ SİMYA KOLEJİ ANAOKULU,153,86204,ONUR GEÇER,57154683054,03.03.2023,22.07.2026 17:19,2026 - 2027 Eğitim-Öğretim,,Yayın-Kırtasiye,Yayın - Kırtasiye,1,,,Eğitim Alacak,58500,58500,0,0,0,0,0,0,,,,AKİF SANCAK,İç,,,22.07.2026,,,
Mac Eğitim Kurumları,ÖZEL KAYSERİ SİMYA KOLEJİ ANAOKULU,74,86209,UMAY YILMAZ,15851236270,04.11.2021,22.07.2026 18:22,2026 - 2027 Eğitim-Öğretim,,Yayın-Kırtasiye,Yayın - Kırtasiye,1,,,Eğitim Alacak,58500,58500,0,0,0,0,0,0,,,,AKİF SANCAK,İç,,,22.07.2026,,,
Mac Eğitim Kurumları,ÖZEL KAYSERİ SİMYA KOLEJİ ANAOKULU,183,86229,GÖRKEM ÖZÇİLİNGİR,40162667710,07.05.2022,23.07.2026 13:45,2026 - 2027 Eğitim-Öğretim,,Yayın-Kırtasiye,Yayın - Kırtasiye,1,,,Eğitim Alacak,58500,58500,0,0,0,0,0,0,,,,AKİF SANCAK,İç,,,23.07.2026,,,
Mac Eğitim Kurumları,ÖZEL KAYSERİ SİMYA KOLEJİ ANAOKULU,12,86251,YUSUF ARAS DOĞAN,36232798224,07.02.2022,23.07.2026 17:56,2026 - 2027 Eğitim-Öğretim,,Yayın-Kırtasiye,Yayın - Kırtasiye,1,,,Eğitim Alacak,58500,58500,0,0,0,0,0,0,,,,AKİF SANCAK,İç,,,23.07.2026,,,
Mac Eğitim Kurumları,ÖZEL KAYSERİ SİMYA KOLEJİ ANAOKULU,34,86262,AHMET URAS PINAR,34942852816,10.02.2021,24.07.2026 09:33,2026 - 2027 Eğitim-Öğretim,,Yayın-Kırtasiye,Yayın - Kırtasiye,1,,,Eğitim Alacak,50000,50000,0,0,0,0,0,0,,,,AKİF SANCAK,İç,,,24.07.2026,,,
Mac Eğitim Kurumları,ÖZEL KAYSERİ SİMYA KOLEJİ ANAOKULU,73,86156,GÖRKEM BERTUĞ HERDEM,32077941306,26.08.2023,22.07.2026 11:34,2026 - 2027 Eğitim-Öğretim,,Yayın-Kırtasiye,Yayın - Kırtasiye,1,,,Eğitim Alacak,58500,58500,0,0,0,0,0,0,,,,AKİF SANCAK,İç,,,22.07.2026,,,
Mac Eğitim Kurumları,ÖZEL KAYSERİ SİMYA KOLEJİ ANAOKULU,165,86166,HAMZA DURNA,21736256608,19.08.2020,22.07.2026 12:42,2026 - 2027 Eğitim-Öğretim,,Yayın-Kırtasiye,Yayın - Kırtasiye,1,,,Eğitim Alacak,58500,58500,0,0,0,0,0,0,,,,AKİF SANCAK,İç,,,22.07.2026,,,
Mac Eğitim Kurumları,ÖZEL KAYSERİ SİMYA KOLEJİ ANAOKULU,196,86189,İPEK EREN,39319695690,28.03.2022,22.07.2026 00:00,2026 - 2027 Eğitim-Öğretim,,Yayın-Kırtasiye,Yayın - Kırtasiye,1,,,Eğitim Alacak,58500,53181.82,0,0,0,5318.18,0,5318.18,,MUHAMMED ALİ ÇAĞIR,MUHAMMED ALİ ÇAĞIR,AKİF SANCAK,Dış,,,22.07.2026,,,
Mac Eğitim Kurumları,ÖZEL KAYSERİ SİMYA KOLEJİ ANAOKULU,70,86196,YAĞIZ ALAĞAŞ,24250956160,24.01.2023,22.07.2026 16:00,2026 - 2027 Eğitim-Öğretim,,Yayın-Kırtasiye,Yayın - Kırtasiye,1,,,Eğitim Alacak,58500,58500,0,0,0,0,0,0,,,,AKİF SANCAK,İç,,,22.07.2026,,,
Mac Eğitim Kurumları,ÖZEL KAYSERİ SİMYA KOLEJİ ANAOKULU,15,85280,YUSUF GÜVENER,43885290234,21.01.2021,08.07.2026 18:22,2026 - 2027 Eğitim-Öğretim,,Yayın-Kırtasiye,Yayın - Kırtasiye,1,,,Eğitim Alacak,58500,20027.11,0,0,0,38472.89,38472.89,0,,MUHAMMED ALİ ÇAĞIR,MUHAMMED ALİ ÇAĞIR,EMRE HELVACI,İç,,,08.07.2026,,,
Mac Eğitim Kurumları,ÖZEL KAYSERİ SİMYA KOLEJİ ANAOKULU,18,85754,ÖYKÜ ÖZER,26522125892,19.05.2023,14.07.2026 09:02,2026 - 2027 Eğitim-Öğretim,,Yayın-Kırtasiye,Yayın - Kırtasiye,1,,,Eğitim Alacak,58500,58500,0,0,0,0,0,0,,,,MUHAMMED ALİ ÇAĞIR,İç,,,14.07.2026,,,
Mac Eğitim Kurumları,ÖZEL KAYSERİ SİMYA KOLEJİ ANAOKULU,192,85850,AYBÜKE AKŞİT,14783524936,10.02.2022,15.07.2026 17:23,2026 - 2027 Eğitim-Öğretim,,Yayın-Kırtasiye,Yayın - Kırtasiye,1,,,Eğitim Alacak,58500,29250,0,0,0,29250,0,29250,,BEYZA KOÇAK,BEYZA KOÇAK,BEYZA KOÇAK,İç,,,15.07.2026,,,
Mac Eğitim Kurumları,ÖZEL KAYSERİ SİMYA KOLEJİ ANAOKULU,5,85882,BERAT OSKAY,55996143798,29.01.2021,16.07.2026 15:50,2026 - 2027 Eğitim-Öğretim,,Yayın-Kırtasiye,Yayın - Kırtasiye,1,,,Eğitim Alacak,58500,58500,0,0,0,0,0,0,,MUHAMMED ALİ ÇAĞIR,MUHAMMED ALİ ÇAĞIR,EMRE HELVACI,İç,,,16.07.2026,,,
Mac Eğitim Kurumları,ÖZEL KAYSERİ SİMYA KOLEJİ ANAOKULU,80,85886,DEFNE SENEM DUR,52990251542,29.04.2023,16.07.2026 17:07,2026 - 2027 Eğitim-Öğretim,,Yayın-Kırtasiye,Yayın - Kırtasiye,1,,,Eğitim Alacak,58500,58500,0,0,0,0,0,0,,,,EMRE HELVACI,İç,,,16.07.2026,,,
Mac Eğitim Kurumları,ÖZEL KAYSERİ SİMYA KOLEJİ ANAOKULU,188,85045,DEMİR TAŞKIN,56356139536,30.06.2022,04.07.2026 00:00,2026 - 2027 Eğitim-Öğretim,,Yayın-Kırtasiye,Yayın - Kırtasiye,1,,,Eğitim Alacak,50000,14375,0,0,0,35625,0,35625,,MUHAMMED ALİ ÇAĞIR,MUHAMMED ALİ ÇAĞIR,MUHAMMED ALİ ÇAĞIR,Dış,,,04.07.2026,,,
Mac Eğitim Kurumları,ÖZEL KAYSERİ SİMYA KOLEJİ ANAOKULU,60,85157,DİLAY ASYA ELDENİZ,33517900198,26.09.2023,07.07.2026 14:05,2026 - 2027 Eğitim-Öğretim,,Yayın-Kırtasiye,Yayın - Kırtasiye,1,,,Eğitim Alacak,58500,57500,0,1000,0,0,0,0,,,,EMRE HELVACI,İç,,,07.07.2026,,,
Mac Eğitim Kurumları,ÖZEL KAYSERİ SİMYA KOLEJİ ANAOKULU,20,85175,NEHİR ELA ŞAHİN,35594387688,14.02.2022,08.07.2026 08:35,2026 - 2027 Eğitim-Öğretim,,Yayın-Kırtasiye,Yayın - Kırtasiye,1,,,Eğitim Alacak,58500,58500,0,0,0,0,0,0,,,,EMRE HELVACI,İç,,,08.07.2026,,,
Mac Eğitim Kurumları,ÖZEL KAYSERİ SİMYA KOLEJİ ANAOKULU,3,85195,ÇINAR EGE YILMAZ,26297132484,14.03.2022,08.07.2026 13:27,2026 - 2027 Eğitim-Öğretim,,Yayın-Kırtasiye,Yayın - Kırtasiye,1,,,Eğitim Alacak,55000,55000,0,0,0,0,0,0,,MUHAMMED ALİ ÇAĞIR,MUHAMMED ALİ ÇAĞIR,MUHAMMED ALİ ÇAĞIR,İç,,,08.07.2026,,,
Mac Eğitim Kurumları,ÖZEL KAYSERİ SİMYA KOLEJİ ANAOKULU,2,85196,NEHİR ADA YILMAZ,43123572030,15.10.2020,08.07.2026 13:30,2026 - 2027 Eğitim-Öğretim,,Yayın-Kırtasiye,Yayın - Kırtasiye,1,,,Eğitim Alacak,55000,55000,0,0,0,0,0,0,,MUHAMMED ALİ ÇAĞIR,MUHAMMED ALİ ÇAĞIR,MUHAMMED ALİ ÇAĞIR,İç,,,08.07.2026,,,
Mac Eğitim Kurumları,ÖZEL KAYSERİ SİMYA KOLEJİ ANAOKULU,50,78323,GÜNEŞ FATMA COŞKUN,27089106812,03.07.2022,26.01.2026 00:00,2026 - 2027 Eğitim-Öğretim,,Yayın-Kırtasiye,Yayın - Kırtasiye,1,,,Eğitim Alacak,45000,20200,0,0,0,24800,0,24800,,,,,İç,,,26.01.2026,,,
Mac Eğitim Kurumları,ÖZEL KAYSERİ SİMYA KOLEJİ ANAOKULU,68,78325,AYAZ PASLIOĞLU,29528026408,03.11.2022,20.02.2026 00:00,2026 - 2027 Eğitim-Öğretim,,Yayın-Kırtasiye,Yayın - Kırtasiye,1,,,Eğitim Alacak,55000,0,0,0,0,55000,55000,0,,,,,İç,,,20.02.2026,,,
Mac Eğitim Kurumları,ÖZEL KAYSERİ SİMYA KOLEJİ ANAOKULU,78,78326,GÜLCE ELA ÖZDEMİR,23627217224,07.03.2023,08.04.2026 00:00,2026 - 2027 Eğitim-Öğretim,,Yayın-Kırtasiye,Yayın - Kırtasiye,1,,,Eğitim Alacak,50000,50000,0,0,0,0,0,0,,,,,İç,,,08.04.2026,,,
Mac Eğitim Kurumları,ÖZEL KAYSERİ SİMYA KOLEJİ ANAOKULU,83,78375,MUHAMMED ALPARSLAN GENCER,30491000906,15.07.2022,17.04.2026 11:30,2026 - 2027 Eğitim-Öğretim,,Yayın-Kırtasiye,Yayın - Kırtasiye,1,,,Eğitim Alacak,50000,50000,0,0,0,0,0,0,,,,MUHAMMED ALİ ÇAĞIR,İç,,,17.04.2026,,,
Mac Eğitim Kurumları,ÖZEL KAYSERİ SİMYA KOLEJİ ANAOKULU,163,81315,GÖKHUN BALCI,16121471834,02.01.2024,11.05.2026 00:00,2026 - 2027 Eğitim-Öğretim,,Yayın-Kırtasiye,Yayın - Kırtasiye,1,,,Eğitim Alacak,32500,32500,0,0,0,0,0,0,,,,MUHAMMED ALİ ÇAĞIR,İç,,,11.05.2026,,,
Mac Eğitim Kurumları,ÖZEL KAYSERİ SİMYA KOLEJİ ANAOKULU,2,78158,NEHİR ADA YILMAZ,43123572030,15.10.2020,02.01.2026 00:00,2026 - 2027 Eğitim-Öğretim,MAC,Eğitim,Anaokulu 5 Yaş (60-71),1,ANAOKULU 5 YAŞ,60/71-YY-DAHİLER,Eğitim Alıyor,144400,54395,0,0,0,90005,0,90005,,,,,Dış,,,02.01.2026,,,
Mac Eğitim Kurumları,ÖZEL KAYSERİ SİMYA KOLEJİ ANAOKULU,4,78160,ASİL ASLAN AKGÜL,42826589970,16.12.2020,03.01.2026 00:00,2026 - 2027 Eğitim-Öğretim,MAC,Eğitim,Anaokulu 5 Yaş (60-71),1,ANAOKULU 5 YAŞ,60/71-YY-DAHİLER,Eğitim Alıyor,152000,138350,0,0,0,13650,0,13650,,,,,Dış,,,03.01.2026,,,
Mac Eğitim Kurumları,ÖZEL KAYSERİ SİMYA KOLEJİ ANAOKULU,5,78161,BERAT OSKAY,55996143798,29.01.2021,03.01.2026 00:00,2026 - 2027 Eğitim-Öğretim,MAC,Eğitim,Anaokulu 5 Yaş (60-71),1,ANAOKULU 5 YAŞ,60/71-YY-DAHİLER,Eğitim Alıyor,152000,95860,0,0,0,56140,0,56140,,,,,Dış,,,03.01.2026,,,
Mac Eğitim Kurumları,ÖZEL KAYSERİ SİMYA KOLEJİ ANAOKULU,234,92936,YEKTA TURAN,21770279724,16.02.2021,14.09.2026 09:29,2026 - 2027 Eğitim-Öğretim,MAC,Eğitim,Anaokulu 5 Yaş (60-71),1,ANAOKULU 5 YAŞ,60/71-PA-YILDIZLAR,Eğitim Alıyor,146500,146500,0,0,0,0,0,0,,,,AKİF SANCAK,Dış,,,14.09.2026,,,
Mac Eğitim Kurumları,ÖZEL KAYSERİ SİMYA KOLEJİ ANAOKULU,221,91105,GÜLSEREN PATIROĞLU,24185199908,08.06.2021,31.08.2026 00:00,2026 - 2027 Eğitim-Öğretim,MAC,Eğitim,Anaokulu 5 Yaş (60-71),1,ANAOKULU 5 YAŞ,60/71-PA-YILDIZLAR,Eğitim Alıyor,155000,38750,0,0,0,116250,0,116250,,,,AKİF SANCAK,Dış,,,31.08.2026,,,
Mac Eğitim Kurumları,ÖZEL KAYSERİ SİMYA KOLEJİ ANAOKULU,224,91581,ELİF ALTUNER,25448160550,29.05.2021,03.09.2026 00:00,2026 - 2027 Eğitim-Öğretim,MAC,Eğitim,Anaokulu 5 Yaş (60-71),1,ANAOKULU 5 YAŞ,60/71-PA-YILDIZLAR,Eğitim Alıyor,105000,8400,0,0,0,96600,0,96600,,DUYGU KÖSE,DUYGU KÖSE,DUYGU KÖSE,Dış,,,03.09.2026,,,
Mac Eğitim Kurumları,ÖZEL KAYSERİ SİMYA KOLEJİ ANAOKULU,225,91583,BUĞRA KÖYLÜ,T6824269077,29.09.2021,03.09.2026 00:00,2026 - 2027 Eğitim-Öğretim,MAC,Eğitim,Anaokulu 5 Yaş (60-71),1,ANAOKULU 5 YAŞ,60/71-YY-DAHİLER,Eğitim Alıyor,105000,0,0,0,0,105000,0,105000,,DUYGU KÖSE,DUYGU KÖSE,DUYGU KÖSE,Dış,,,03.09.2026,,,
Mac Eğitim Kurumları,ÖZEL KAYSERİ SİMYA KOLEJİ ANAOKULU,227,91956,YUSUF EGE DUYMAZ,26620129198,10.11.2020,07.09.2026 13:45,2026 - 2027 Eğitim-Öğretim,MAC,Eğitim,Anaokulu 5 Yaş (60-71),1,ANAOKULU 5 YAŞ,60/71-PA-YILDIZLAR,Eğitim Alıyor,105000,21000,0,0,0,84000,12600,71400,,,,DUYGU KÖSE,Dış,,,07.09.2026,,,
Mac Eğitim Kurumları,ÖZEL KAYSERİ SİMYA KOLEJİ ANAOKULU,193,92143,DENİZ ÖZBEK,48901954336,10.11.2021,08.09.2026 11:44,2026 - 2027 Eğitim-Öğretim,MAC,Eğitim,Anaokulu 5 Yaş (60-71),1,ANAOKULU 5 YAŞ,60/71-YY-DAHİLER,Eğitim Alıyor,155000,15500,0,0,0,139500,0,139500,,,,AKİF SANCAK,İç,,,08.09.2026,,,
Mac Eğitim Kurumları,ÖZEL KAYSERİ SİMYA KOLEJİ ANAOKULU,85,81424,MİRAÇ YUSUF ÖZBAŞ,18236397368,12.01.2021,20.06.2026 09:32,2026 - 2027 Eğitim-Öğretim,MAC,Eğitim,Anaokulu 5 Yaş (60-71),1,ANAOKULU 5 YAŞ,60/71-YY-DAHİLER,Eğitim Alıyor,158140,35425,0,0,0,122715,122715,0,,MUHAMMED ALİ ÇAĞIR,MUHAMMED ALİ ÇAĞIR,EMRE HELVACI,İç,,,20.06.2026,,,
Mac Eğitim Kurumları,ÖZEL KAYSERİ SİMYA KOLEJİ ANAOKULU,8,81438,SAKİNE SERRA SARIASLAN,38239735516,22.01.2021,20.06.2026 11:17,2026 - 2027 Eğitim-Öğretim,MAC,Eğitim,Anaokulu 5 Yaş (60-71),1,ANAOKULU 5 YAŞ,60/71-YY-DAHİLER,Eğitim Alıyor,200000,0,0,0,0,200000,0,200000,,,,EMRE HELVACI,İç,,,20.06.2026,,,
Mac Eğitim Kurumları,ÖZEL KAYSERİ SİMYA KOLEJİ ANAOKULU,15,85280,YUSUF GÜVENER,43885290234,21.01.2021,08.07.2026 18:22,2026 - 2027 Eğitim-Öğretim,MAC,Eğitim,Anaokulu 5 Yaş (60-71),1,ANAOKULU 5 YAŞ,60/71-YY-DAHİLER,Eğitim Alıyor,153604,52585.38,0,0,0,101018.62,101018.62,0,,MUHAMMED ALİ ÇAĞIR,MUHAMMED ALİ ÇAĞIR,EMRE HELVACI,İç,,,08.07.2026,,,
Mac Eğitim Kurumları,ÖZEL KAYSERİ SİMYA KOLEJİ ANAOKULU,17,87083,KEMAL BATUR DANACI,35572820282,25.05.2021,03.08.2026 17:56,2026 - 2027 Eğitim-Öğretim,MAC,Eğitim,Anaokulu 5 Yaş (60-71),1,ANAOKULU 5 YAŞ,60/71-PA-YILDIZLAR,Eğitim Alıyor,111500,100350,0,11150,0,0,0,0,,,,EMRE HELVACI,İç,,,03.08.2026,,,
Mac Eğitim Kurumları,ÖZEL KAYSERİ SİMYA KOLEJİ ANAOKULU,205,87123,ALPEREN KANTAR,59752017804,29.10.2020,04.08.2026 00:00,2026 - 2027 Eğitim-Öğretim,MAC,Eğitim,Anaokulu 5 Yaş (60-71),1,ANAOKULU 5 YAŞ,60/71-YY-DAHİLER,Eğitim Alıyor,141500,141500,0,0,0,0,0,0,,,,EMRE HELVACI,Dış,,,04.08.2026,,,
Mac Eğitim Kurumları,ÖZEL KAYSERİ SİMYA KOLEJİ ANAOKULU,1,78412,EYMEN ALP ÇAĞIR,36391804712,02.09.2020,17.04.2026 16:57,2026 - 2027 Eğitim-Öğretim,MAC,Eğitim,Anaokulu 5 Yaş (60-71),1,ANAOKULU 5 YAŞ,60/71-YY-DAHİLER,Eğitim Alıyor,0.01,0.01,0,0,0,0,0,0,,,,MUHAMMED ALİ ÇAĞIR,Dış,,,17.04.2026,,,
Mac Eğitim Kurumları,ÖZEL KAYSERİ SİMYA KOLEJİ ANAOKULU,165,81318,HAMZA DURNA,21736256608,19.08.2020,05.06.2026 00:00,2026 - 2027 Eğitim-Öğretim,MAC,Eğitim,Anaokulu 5 Yaş (60-71),1,ANAOKULU 5 YAŞ,60/71-PA-YILDIZLAR,Eğitim Alıyor,161920,51960,0,0,0,109960,0,109960,,,,MUHAMMED ALİ ÇAĞIR,Dış,,,05.06.2026,,,
Mac Eğitim Kurumları,ÖZEL KAYSERİ SİMYA KOLEJİ ANAOKULU,38,78193,UFUK KAYRA AYTAŞ,59128039096,21.12.2020,20.01.2026 00:00,2026 - 2027 Eğitim-Öğretim,MAC,Eğitim,Anaokulu 5 Yaş (60-71),1,ANAOKULU 5 YAŞ,60/71-YY-DAHİLER,Eğitim Alıyor,120000,90000,0,0,0,30000,30000,0,,,,,Dış,,,20.01.2026,,,
Mac Eğitim Kurumları,ÖZEL KAYSERİ SİMYA KOLEJİ ANAOKULU,44,78199,TAHA BOSTANCI,52708252168,23.06.2021,23.01.2026 00:00,2026 - 2027 Eğitim-Öğretim,MAC,Eğitim,Anaokulu 5 Yaş (60-71),1,ANAOKULU 5 YAŞ,60/71-YY-DAHİLER,Eğitim Alıyor,132000,11000,0,0,0,121000,18000,103000,,,,,Dış,,,23.01.2026,,,
Mac Eğitim Kurumları,ÖZEL KAYSERİ SİMYA KOLEJİ ANAOKULU,57,78212,TUNA ALİ ÖZDEMİR,36065370246,07.06.2021,30.01.2026 00:00,2026 - 2027 Eğitim-Öğretim,MAC,Eğitim,Anaokulu 5 Yaş (60-71),1,ANAOKULU 5 YAŞ,60/71-PA-YILDIZLAR,Eğitim Alıyor,152000,152000,0,0,0,0,0,0,,,,,Dış,,,30.01.2026,,,
Mac Eğitim Kurumları,ÖZEL KAYSERİ SİMYA KOLEJİ ANAOKULU,28,78182,DEFNE SU TARHAN,49558358850,29.03.2021,16.01.2026 00:00,2026 - 2027 Eğitim-Öğretim,MAC,Eğitim,Anaokulu 5 Yaş (60-71),1,ANAOKULU 5 YAŞ,60/71-YY-DAHİLER,Eğitim Alıyor,152000,65166,0,0,0,86834,21721,65113,,,,,Dış,,,16.01.2026,,,
Mac Eğitim Kurumları,ÖZEL KAYSERİ SİMYA KOLEJİ ANAOKULU,84,78186,YİĞİT CAN YAMAN,46384459744,10.05.2021,17.01.2026 00:00,2026 - 2027 Eğitim-Öğretim,MAC,Eğitim,Anaokulu 5 Yaş (60-71),1,ANAOKULU 5 YAŞ,60/71-PA-YILDIZLAR,Eğitim Alıyor,125000,125000,0,0,0,0,0,0,,,,,Dış,,,17.01.2026,,,
Mac Eğitim Kurumları,ÖZEL KAYSERİ SİMYA KOLEJİ ANAOKULU,34,78189,AHMET URAS PINAR,34942852816,10.02.2021,17.01.2026 00:00,2026 - 2027 Eğitim-Öğretim,MAC,Eğitim,Anaokulu 5 Yaş (60-71),1,ANAOKULU 5 YAŞ,60/71-YY-DAHİLER,Eğitim Alıyor,150000,45000,0,0,0,105000,0,105000,,,,,Dış,,,17.01.2026,,,
